sentence,intent,language
यू पी आई बैलेंस,balance_check,hi
यू पी आई अकाउंट बैलेंस कितना है,balance_check,hi
यू पी आई खाते का  बैलेंस कितना है,balance_check,hi
यूपीआई बैलेंस,balance_check,hi
यूपीआई अकाउंट बैलेंस कितना है,balance_check,hi
यूपीआई खाते का  बैलेंस कितना है,balance_check,hi
बैलेंस चेक करना है,balance_check,hi
बैलेन्स चेक करना है,balance_check,hi
बैलेन्स चैक करना है,balance_check,hi
बैलेंस चैक करना है,balance_check,hi
बैलेंस जानना है,balance_check,hi
बैलेन्स जानना है,balance_check,hi
मेरे खाते में कितना पैसा है,balance_check,hi
खाते में कितने पैसे हैं,balance_check,hi
यू पी आई खाते में कितने पैसे हैं,balance_check,hi
बैलेन्स चेक करना है यू पी आई खाते  का,balance_check,hi
बैलेंस चैक करना है यूपीआई अकाउंट का,balance_check,hi
मेरे खाता शेष राशि चेक करें।,balance_check,hi
खाते की बैलेंस चेक कीजिए।,balance_check,hi
बचत खाते में शेष राशि दिखलाइए।,balance_check,hi
मेरे बचत खाते की राशि बताइए।,balance_check,hi
चालू खाते की शेष धनराशि को देखें।,balance_check,hi
"मेरे चालू खाते में कितना पैसा है, यह दिखाएं।",balance_check,hi
बैंक खाते का बैलेंस दिखाएं।,balance_check,hi
मेरे बैंक खाते की वित्तीय स्थिति दिखाएं।,balance_check,hi
यू पी आई खाते में शेष राशि दिखलाइए।,balance_check,hi
मेरे यू पी आई खाते की राशि बताइए।,balance_check,hi
यू पी आई खाते की शेष धनराशि को देखें।,balance_check,hi
"मेरे यू पी आई खाते में कितना पैसा है, यह दिखाएं।",balance_check,hi
यू पी आई खाते का बैलेंस दिखाएं।,balance_check,hi
मेरे यू पी आई खाते की वित्तीय स्थिति दिखाएं।,balance_check,hi
यूपीआई खाते में शेष राशि दिखलाइए।,balance_check,hi
मेरे यूपीआई खाते की राशि बताइए।,balance_check,hi
यूपीआई खाते की शेष धनराशि को देखें।,balance_check,hi
"मेरे यूपीआई खाते में कितना पैसा है, यह दिखाएं।",balance_check,hi
यूपीआई खाते का बैलेंस दिखाएं।,balance_check,hi
मेरे यूपीआई खाते की वित्तीय स्थिति दिखाएं।,balance_check,hi
<<<<<<< HEAD
मेरे बैंक खाते का बैलेंस क्या है,balance_check,hi
चालू खाते में कितना पैसा है,balance_check,hi
चालू खाते की वर्तमान राशि क्या है,balance_check,hi
बैंक खाते में पैसे कितने बचे हैं,balance_check,hi
खाते की राशि दिखाओ।,balance_check,hi
चालू खाते की शेष राशि बताओ।,balance_check,hi
मेरे खाते में कितनी धनराशि है,balance_check,hi
बचत खाते का शेष धनराशि क्या है,balance_check,hi
मेरे बचत खाते में कितने पैसे बचे हैं,balance_check,hi
खाते का बैलेंस बताओ।,balance_check,hi
मेरे खाते में कितने पैसे बचे हैं,balance_check,hi
कितने पैसे बचे हैं मेरे बैंक खाते में,balance_check,hi
चालू खाते में कितने पैसे बचे हैं,balance_check,hi
कितने पैसे बचे हैं मेरे चालू खाते में,balance_check,hi
मेरे बचत खाते में कितने पैसे बचे हैं,balance_check,hi
कितने पैसे बचे हैं बचत खाते में,balance_check,hi
बैंक खाते में अभी कितने पैसे हैं,balance_check,hi
मेरे चालू खाते में शेष पैसे कितने हैं,balance_check,hi
चालू खाते में पैसा बचा है कितना,balance_check,hi
मेरे बचत खाते में कितना पैसा बचा हुआ है,balance_check,hi
बचत खाते में कितना पैसा शेष है,balance_check,hi
मेरे खाते में कितना पैसा अभी शेष है,balance_check,hi
बैंक खाते में कितना पैसा अभी बचा है,balance_check,hi
मेरे यू पी आई खाते में कितने पैसे बचे हैं,balance_check,hi
कितने पैसे बचे हैं मेरे यू पी आई बैंक खाते में,balance_check,hi
यूपीआई खाते में कितने पैसे बचे हैं,balance_check,hi
कितने पैसे हैं मेरे यूपीआई खाते में,balance_check,hi
यू पी आई खाते में कितने पैसे,balance_check,hi
कितने पैसे हैं बचत खाते में,balance_check,hi
=======
मेरे बैंक खाते का बैलेंस क्या है?,balance_check,hi
चालू खाते में कितना पैसा है?,balance_check,hi
चालू खाते की वर्तमान राशि क्या है?,balance_check,hi
बैंक खाते में पैसे कितने बचे हैं?,balance_check,hi
खाते की राशि दिखाओ।,balance_check,hi
चालू खाते की शेष राशि बताओ।,balance_check,hi
मेरे खाते में कितनी धनराशि है?,balance_check,hi
बचत खाते का शेष धनराशि क्या है?,balance_check,hi
मेरे बचत खाते में कितने पैसे बचे हैं?,balance_check,hi
खाते का बैलेंस बताओ।,balance_check,hi
मेरे खाते में कितने पैसे बचे हैं?,balance_check,hi
कितने पैसे बचे हैं मेरे बैंक खाते में ?,balance_check,hi
चालू खाते में कितने पैसे बचे हैं?,balance_check,hi
कितने पैसे बचे हैं मेरे चालू खाते में ?,balance_check,hi
मेरे बचत खाते में कितने पैसे बचे हैं?,balance_check,hi
कितने पैसे बचे हैं बचत खाते में ?,balance_check,hi
बैंक खाते में अभी कितने पैसे हैं?,balance_check,hi
मेरे चालू खाते में शेष पैसे कितने हैं?,balance_check,hi
चालू खाते में पैसा बचा है कितना?,balance_check,hi
मेरे बचत खाते में कितना पैसा बचा हुआ है?,balance_check,hi
बचत खाते में कितना पैसा शेष है?,balance_check,hi
मेरे खाते में कितना पैसा अभी शेष है?,balance_check,hi
बैंक खाते में कितना पैसा अभी बचा है?,balance_check,hi
मेरे यू पी आई खाते में कितने पैसे बचे हैं?,balance_check,hi
कितने पैसे बचे हैं मेरे यू पी आई बैंक खाते में ?,balance_check,hi
यूपीआई खाते में कितने पैसे बचे हैं?,balance_check,hi
कितने पैसे हैं मेरे यूपीआई खाते में ?,balance_check,hi
यू पी आई खाते में कितने पैसे?,balance_check,hi
कितने पैसे हैं बचत खाते में ?,balance_check,hi
>>>>>>> 0ee03bbdf34ca250ca1a4079d508e2181150d6d7
खाते का बैलेन्स बता दो,balance_check,hi
यू पी आई खाते में शेष राशि दिखलाइए।,balance_check,hi
मेरे यूपीआई खाते की राशि बताइए।,balance_check,hi
यू पी आई अकाउंट की शेष धनराशि को देखें।,balance_check,hi
"मेरे यू पी आई खाते में कितना पैसा है, यह दिखाएं।",balance_check,hi
यू पी आई बैंक खाते का बैलेंस दिखाएं।,balance_check,hi
यूपीआई बैंक खाते की वित्तीय स्थिति दिखाएं।,balance_check,hi
मैं चालू खाते में बची धनराशि के बारे में पूछ रहा हूँ।,balance_check,hi
मुझे मेरे अकाउंट में कितने पैसे हैं वो देखना है,balance_check,hi
<<<<<<< HEAD
चित्तोरगढ़ अर्बन कोऑपरेटिव बैंक लिमिटेड खाते का बैलेंस चेक करना है,balance_check,hi
बैलेंस चैक करना है एस आई बी अकाउंट का,balance_check,hi
बैलेन्स चेक करना है भारतीय डाक भुगतान बैंक के सेविंग्स अकाउंट का,balance_check,hi
राजरामबापू सहाकारी बैंक लिमिटेड चालू खाते का बैलेंस चैक करना है,balance_check,hi
बैलेंस जानना है भद्राद्रि अर्बन बैंक करंट एकाउंट का,balance_check,hi
द नैशनल कोऑपरेटिव बैंक लिमिटेड करंट अकाउंट का बैलेंस जानना है,balance_check,hi
मलाड सहकारी बैंक का बैलेन्स बता दो,balance_check,hi
मैं अपने कनकमहालक्ष्मी कोऑपरेटिव बैंक खाते में वर्तमान शेष राशि के बारे में पूछता हूँ।,balance_check,hi
अपने बड़ोदा उत्तर प्रदेश ग्रामीण बैंक खाते में शेष राशि के बारे में पूछता हूँ।,balance_check,hi
मुझे मेरे सर्वोदया कॉमर्शियल कोऑपरेटिव बैंक खाते की शेष राशि की जानकारी चाहिए।,balance_check,hi
मेरे द बनासकंठा मर्केन्टाइल कोऑपरेटिव बैंक लिमिटेड बचत खाते में वर्तमान राशि कितनी है,balance_check,hi
मैं अपने एपी माहेश कोऑपरेटिव अर्बन बैंक लिमिटेड बचत खाते की वर्तमान शेष राशि की पूछताछ करना चाहता हूँ।,balance_check,hi
मेरे खाते में एन के जी एस बी को ऑप बैंक बैंक के पास कितने पैसे हैं,balance_check,hi
मैं अपने उज्जिवन स्माल फाइनैंस बैंक चालू खाते में बची राशि के बारे में जानना चाहता हूँ,balance_check,hi
खाता अजनता अर्बन कोऑपरेटिव बैंक बैंक में  है। कृपया मेरे खाते का अकाउंट बैलेंस बताएँ।,balance_check,hi
मैं अपने मेघालया रुरल बैंक खाते में वर्तमान शेष राशि के बारे में पूछता हूँ।,balance_check,hi
अपने तेलंगाना स्टेट को ऑप अपेक्स बैंक खाते में शेष राशि के बारे में पूछता हूँ।,balance_check,hi
मुझे मेरे द विशाखापट्नम कोऑपरेटिव बैंक लिमिटेड खाते की शेष राशि की जानकारी चाहिए।,balance_check,hi
मेरे चेंबुर नागरिक सहकारी बैंक बचत खाते में वर्तमान राशि कितनी है,balance_check,hi
मैं अपने आईडीएफसी फर्स्ट बैंक लिमिटेड बचत खाते की वर्तमान शेष राशि की पूछताछ करना चाहता हूँ।,balance_check,hi
मेरे खाते में बैंक ओफ अमरीका एन ए बैंक के पास कितने पैसे हैं,balance_check,hi
मैं अपने एचएसबीसी बैंक चालू खाते में बची राशि के बारे में जानना चाहता हूँ,balance_check,hi
खाता जना स्माल बैंक बैंक में  है। कृपया मेरे खाते का अकाउंट बैलेंस बताएँ।,balance_check,hi
=======
द ए पी रजा राजेस्वरी माहिला को ऑपरेटिव अर्बन बैंक लिमिटेड खाते का बैलेंस चेक करना है,balance_check,hi
बैलेंस चैक करना है द कॉमर्शियल कोऑपरेटिव बैंक लिमिटेड अकाउंट का,balance_check,hi
बैलेन्स चेक करना है भीलवाड़ा अर्बन कोऑपरेटिव बैंक लिमिटेड के सेविंग्स अकाउंट का,balance_check,hi
राजर्षी शाहु सहकारी बैंक लिमिटेड चालू खाते का बैलेंस चैक करना है,balance_check,hi
बैलेंस जानना है एसबीआई बैंक करंट एकाउंट का,balance_check,hi
अम्बरनाथ जई हिन्द कोऑपरेटिव बैंक करंट अकाउंट का बैलेंस जानना है,balance_check,hi
नागरिक सहकारी बैंक मर्यादित ग्वालियर का बैलेन्स बता दो,balance_check,hi
मैं अपने पोस्ट पेमेंट बैंक खाते में वर्तमान शेष राशि के बारे में पूछता हूँ।,balance_check,hi
अपने राजकोट नागरिक बैंक खाते में शेष राशि के बारे में पूछता हूँ।,balance_check,hi
मुझे मेरे एचएसबीसी खाते की शेष राशि की जानकारी चाहिए।,balance_check,hi
मेरे पोस्ट ऑफिस बैंक बचत खाते में वर्तमान राशि कितनी है?,balance_check,hi
मैं अपने बैंक ओफ महाराष्ट्र बचत खाते की वर्तमान शेष राशि की पूछताछ करना चाहता हूँ।,balance_check,hi
मेरे खाते में राजरामबापू सहाकारी बैंक लिमिटेड बैंक के पास कितने पैसे हैं?,balance_check,hi
मैं अपने सिटिजन कोऑपरेटिव बैंक लिमिटेड नोयडा चालू खाते में बची राशि के बारे में जानना चाहता हूँ,balance_check,hi
खाता अजनता अर्बन कोऑपरेटिव बैंक में  है। कृपया मेरे खाते का अकाउंट बैलेंस बताएँ।,balance_check,hi
मैं अपने बस्सें कैथलिक कोऑपरेटिव बैंक खाते में वर्तमान शेष राशि के बारे में पूछता हूँ।,balance_check,hi
अपने अभ्युदया कोऑप खाते में शेष राशि के बारे में पूछता हूँ।,balance_check,hi
मुझे मेरे पुने पीपल्स को ऑप बैंक लिमिटेड खाते की शेष राशि की जानकारी चाहिए।,balance_check,hi
मेरे कोटक महिंद्रा बचत खाते में वर्तमान राशि कितनी है?,balance_check,hi
मैं अपने अखण्ड आनंद बचत खाते की वर्तमान शेष राशि की पूछताछ करना चाहता हूँ।,balance_check,hi
मेरे खाते में द वारांछा को ऑप बैंक लिमिटेड बैंक के पास कितने पैसे हैं?,balance_check,hi
मैं अपने फिनग्रोथ कोऑपरेटिव बैंक लिमिटेड चालू खाते में बची राशि के बारे में जानना चाहता हूँ,balance_check,hi
खाता द दहोड़ अर्बन कोऑपरेटिव बैंक लिमिटेड बैंक में  है। कृपया मेरे खाते का अकाउंट बैलेंस बताएँ।,balance_check,hi
>>>>>>> 0ee03bbdf34ca250ca1a4079d508e2181150d6d7
यू पी आई बैलेंस,balance_check,hi
यू पी आई अकाउंट बैलेंस कितना है,balance_check,hi
यू पी आई खाते का  बैलेंस कितना है,balance_check,hi
यूपीआई बैलेंस,balance_check,hi
यूपीआई अकाउंट बैलेंस कितना है,balance_check,hi
यूपीआई खाते का  बैलेंस कितना है,balance_check,hi
बैलेंस चेक करना है,balance_check,hi
बैलेन्स चेक करना है,balance_check,hi
बैलेन्स चैक करना है,balance_check,hi
बैलेंस चैक करना है,balance_check,hi
बैलेंस जानना है,balance_check,hi
बैलेन्स जानना है,balance_check,hi
मेरे खाते में कितना पैसा है,balance_check,hi
खाते में कितने पैसे हैं,balance_check,hi
यू पी आई खाते में कितने पैसे हैं,balance_check,hi
बैलेन्स चेक करना है यू पी आई खाते  का,balance_check,hi
बैलेंस चैक करना है यूपीआई अकाउंट का,balance_check,hi
मेरे खाता शेष राशि चेक करें।,balance_check,hi
खाते की बैलेंस चेक कीजिए।,balance_check,hi
बचत खाते में शेष राशि दिखलाइए।,balance_check,hi
मेरे बचत खाते की राशि बताइए।,balance_check,hi
चालू खाते की शेष धनराशि को देखें।,balance_check,hi
"मेरे चालू खाते में कितना पैसा है, यह दिखाएं।",balance_check,hi
बैंक खाते का बैलेंस दिखाएं।,balance_check,hi
मेरे बैंक खाते की वित्तीय स्थिति दिखाएं।,balance_check,hi
यू पी आई खाते में शेष राशि दिखलाइए।,balance_check,hi
मेरे यू पी आई खाते की राशि बताइए।,balance_check,hi
यू पी आई खाते की शेष धनराशि को देखें।,balance_check,hi
"मेरे यू पी आई खाते में कितना पैसा है, यह दिखाएं।",balance_check,hi
यू पी आई खाते का बैलेंस दिखाएं।,balance_check,hi
मेरे यू पी आई खाते की वित्तीय स्थिति दिखाएं।,balance_check,hi
यूपीआई खाते में शेष राशि दिखलाइए।,balance_check,hi
मेरे यूपीआई खाते की राशि बताइए।,balance_check,hi
यूपीआई खाते की शेष धनराशि को देखें।,balance_check,hi
"मेरे यूपीआई खाते में कितना पैसा है, यह दिखाएं।",balance_check,hi
यूपीआई खाते का बैलेंस दिखाएं।,balance_check,hi
मेरे यूपीआई खाते की वित्तीय स्थिति दिखाएं।,balance_check,hi
<<<<<<< HEAD
मेरे बैंक खाते का बैलेंस क्या है,balance_check,hi
चालू खाते में कितना पैसा है,balance_check,hi
चालू खाते की वर्तमान राशि क्या है,balance_check,hi
बैंक खाते में पैसे कितने बचे हैं,balance_check,hi
खाते की राशि दिखाओ।,balance_check,hi
चालू खाते की शेष राशि बताओ।,balance_check,hi
मेरे खाते में कितनी धनराशि है,balance_check,hi
बचत खाते का शेष धनराशि क्या है,balance_check,hi
मेरे बचत खाते में कितने पैसे बचे हैं,balance_check,hi
खाते का बैलेंस बताओ।,balance_check,hi
मेरे खाते में कितने पैसे बचे हैं,balance_check,hi
कितने पैसे बचे हैं मेरे बैंक खाते में,balance_check,hi
चालू खाते में कितने पैसे बचे हैं,balance_check,hi
कितने पैसे बचे हैं मेरे चालू खाते में,balance_check,hi
मेरे बचत खाते में कितने पैसे बचे हैं,balance_check,hi
कितने पैसे बचे हैं बचत खाते में,balance_check,hi
बैंक खाते में अभी कितने पैसे हैं,balance_check,hi
मेरे चालू खाते में शेष पैसे कितने हैं,balance_check,hi
चालू खाते में पैसा बचा है कितना,balance_check,hi
मेरे बचत खाते में कितना पैसा बचा हुआ है,balance_check,hi
बचत खाते में कितना पैसा शेष है,balance_check,hi
मेरे खाते में कितना पैसा अभी शेष है,balance_check,hi
बैंक खाते में कितना पैसा अभी बचा है,balance_check,hi
मेरे यू पी आई खाते में कितने पैसे बचे हैं,balance_check,hi
कितने पैसे बचे हैं मेरे यू पी आई बैंक खाते में,balance_check,hi
यूपीआई खाते में कितने पैसे बचे हैं,balance_check,hi
कितने पैसे हैं मेरे यूपीआई खाते में,balance_check,hi
यू पी आई खाते में कितने पैसे,balance_check,hi
कितने पैसे हैं बचत खाते में,balance_check,hi
=======
मेरे बैंक खाते का बैलेंस क्या है?,balance_check,hi
चालू खाते में कितना पैसा है?,balance_check,hi
चालू खाते की वर्तमान राशि क्या है?,balance_check,hi
बैंक खाते में पैसे कितने बचे हैं?,balance_check,hi
खाते की राशि दिखाओ।,balance_check,hi
चालू खाते की शेष राशि बताओ।,balance_check,hi
मेरे खाते में कितनी धनराशि है?,balance_check,hi
बचत खाते का शेष धनराशि क्या है?,balance_check,hi
मेरे बचत खाते में कितने पैसे बचे हैं?,balance_check,hi
खाते का बैलेंस बताओ।,balance_check,hi
मेरे खाते में कितने पैसे बचे हैं?,balance_check,hi
कितने पैसे बचे हैं मेरे बैंक खाते में ?,balance_check,hi
चालू खाते में कितने पैसे बचे हैं?,balance_check,hi
कितने पैसे बचे हैं मेरे चालू खाते में ?,balance_check,hi
मेरे बचत खाते में कितने पैसे बचे हैं?,balance_check,hi
कितने पैसे बचे हैं बचत खाते में ?,balance_check,hi
बैंक खाते में अभी कितने पैसे हैं?,balance_check,hi
मेरे चालू खाते में शेष पैसे कितने हैं?,balance_check,hi
चालू खाते में पैसा बचा है कितना?,balance_check,hi
मेरे बचत खाते में कितना पैसा बचा हुआ है?,balance_check,hi
बचत खाते में कितना पैसा शेष है?,balance_check,hi
मेरे खाते में कितना पैसा अभी शेष है?,balance_check,hi
बैंक खाते में कितना पैसा अभी बचा है?,balance_check,hi
मेरे यू पी आई खाते में कितने पैसे बचे हैं?,balance_check,hi
कितने पैसे बचे हैं मेरे यू पी आई बैंक खाते में ?,balance_check,hi
यूपीआई खाते में कितने पैसे बचे हैं?,balance_check,hi
कितने पैसे हैं मेरे यूपीआई खाते में ?,balance_check,hi
यू पी आई खाते में कितने पैसे?,balance_check,hi
कितने पैसे हैं बचत खाते में ?,balance_check,hi
>>>>>>> 0ee03bbdf34ca250ca1a4079d508e2181150d6d7
खाते का बैलेन्स बता दो,balance_check,hi
यू पी आई खाते में शेष राशि दिखलाइए।,balance_check,hi
मेरे यूपीआई खाते की राशि बताइए।,balance_check,hi
यू पी आई अकाउंट की शेष धनराशि को देखें।,balance_check,hi
"मेरे यू पी आई खाते में कितना पैसा है, यह दिखाएं।",balance_check,hi
यू पी आई बैंक खाते का बैलेंस दिखाएं।,balance_check,hi
यूपीआई बैंक खाते की वित्तीय स्थिति दिखाएं।,balance_check,hi
मैं चालू खाते में बची धनराशि के बारे में पूछ रहा हूँ।,balance_check,hi
मुझे मेरे अकाउंट में कितने पैसे हैं वो देखना है,balance_check,hi
<<<<<<< HEAD
द नवनिर्मान कोऑपरेटिव बैंक खाते का बैलेंस चेक करना है,balance_check,hi
बैलेंस चैक करना है अहमदाबाद डिस्ट्रीक्ट को ऑप बैंक अकाउंट का,balance_check,hi
बैलेन्स चेक करना है अजंता अर्बन के सेविंग्स अकाउंट का,balance_check,hi
अर्बन को ऑप बैंक लिमिटेड धरनगांव चालू खाते का बैलेंस चैक करना है,balance_check,hi
बैलेंस जानना है कैपिटल स्माल फाइनैंस बैंक करंट एकाउंट का,balance_check,hi
एअरटेल पेमेंट बैंक करंट अकाउंट का बैलेंस जानना है,balance_check,hi
नाग्रिक सहाकारी बैंक मर्यादीत ग्वालियोर का बैलेन्स बता दो,balance_check,hi
मैं अपने श्री वरना बैंक खाते में वर्तमान शेष राशि के बारे में पूछता हूँ।,balance_check,hi
अपने बिकोलिम अर्बन कोऑपरेटिव बैंक खाते में शेष राशि के बारे में पूछता हूँ।,balance_check,hi
मुझे मेरे आईडीएफसी खाते की शेष राशि की जानकारी चाहिए।,balance_check,hi
मेरे श्री भरत अर्बन कोऑपरेटिव बैंक लिमिटेड जयसिंगपुर बचत खाते में वर्तमान राशि कितनी है,balance_check,hi
मैं अपने कोटेक महिंद्रा बचत खाते की वर्तमान शेष राशि की पूछताछ करना चाहता हूँ।,balance_check,hi
मेरे खाते में सारसपुर नाग्रिक कोऑपरेटिव बैंक लिमिटेड बैंक के पास कितने पैसे हैं,balance_check,hi
मैं अपने कंकरिया माइनगर नागरिक बैंक चालू खाते में बची राशि के बारे में जानना चाहता हूँ,balance_check,hi
खाता आकोला जनता बैंक बैंक में  है। कृपया मेरे खाते का अकाउंट बैलेंस बताएँ।,balance_check,hi
मैं अपने हुतात्मा सहकारी बैंक खाते में वर्तमान शेष राशि के बारे में पूछता हूँ।,balance_check,hi
अपने आनन्द मर्केन्टाइल को ऑप बैंक खाते में शेष राशि के बारे में पूछता हूँ।,balance_check,hi
मुझे मेरे यूबीआई खाते की शेष राशि की जानकारी चाहिए।,balance_check,hi
मेरे कोडीनार तालुक कोऑपरेटिव बैंकिंग यूनियन बचत खाते में वर्तमान राशि कितनी है,balance_check,hi
मैं अपने सर्व हरियाणा ग्रामीण बैंक बचत खाते की वर्तमान शेष राशि की पूछताछ करना चाहता हूँ।,balance_check,hi
मेरे खाते में अभ्युदया बैंक बैंक के पास कितने पैसे हैं,balance_check,hi
मैं अपने अर्बन बारेली बैंक चालू खाते में बची राशि के बारे में जानना चाहता हूँ,balance_check,hi
खाता अर्बन बरेली बैंक बैंक में  है। कृपया मेरे खाते का अकाउंट बैलेंस बताएँ।,balance_check,hi
=======
आसाम ग्रामीण विकास बैंक खाते का बैलेंस चेक करना है,balance_check,hi
बैलेंस चैक करना है जी एस महानगर को ऑप बैंक अकाउंट का,balance_check,hi
बैलेन्स चेक करना है सरी वासवंबा कोऑपरेटिव बैंक लिमिटेड के सेविंग्स अकाउंट का,balance_check,hi
वसई जनता सहकारी बैंक चालू खाते का बैलेंस चैक करना है,balance_check,hi
बैलेंस जानना है असोसिएट कोऑपरेटिव बैंक लिमिटेड सुरत करंट एकाउंट का,balance_check,hi
अभ्युदय कोऑपरेटिव बैंक लिमिटेड करंट अकाउंट का बैलेंस जानना है,balance_check,hi
सर्वोदया कॉमर्शियल कोऑपरेटिव बैंक का बैलेन्स बता दो,balance_check,hi
मैं अपने बैंक ऑफ महाराष्ट्र खाते में वर्तमान शेष राशि के बारे में पूछता हूँ।,balance_check,hi
अपने जना स्माल फाइनैंस बैंक खाते में शेष राशि के बारे में पूछता हूँ।,balance_check,hi
मुझे मेरे द दारुस्सलम कोऑपरेटिव अर्बन बैंक लिमिटेड खाते की शेष राशि की जानकारी चाहिए।,balance_check,hi
मेरे दक्षिन बिहर ग्रामिन बैंक बचत खाते में वर्तमान राशि कितनी है?,balance_check,hi
मैं अपने माण्डवी नागरिक सहकारी बैंक बचत खाते की वर्तमान शेष राशि की पूछताछ करना चाहता हूँ।,balance_check,hi
मेरे खाते में एसोसिएट कोऑपरेटिव बैंक सूरत बैंक के पास कितने पैसे हैं?,balance_check,hi
मैं अपने कोटक महेंद्रा चालू खाते में बची राशि के बारे में जानना चाहता हूँ,balance_check,hi
खाता मानसिंग कोऑपरेटिव बैंक लिमिटेड बैंक में  है। कृपया मेरे खाते का अकाउंट बैलेंस बताएँ।,balance_check,hi
मैं अपने द कोपरगाँव पीपल्स को ऑप बैंक लिमिटेड खाते में वर्तमान शेष राशि के बारे में पूछता हूँ।,balance_check,hi
अपने माहिला नाग्रिक सहाकारी बैंक खाते में शेष राशि के बारे में पूछता हूँ।,balance_check,hi
मुझे मेरे श्री जनता सहकारी बैंक हलोल खाते की शेष राशि की जानकारी चाहिए।,balance_check,hi
मेरे अक्सिस बैंक बचत खाते में वर्तमान राशि कितनी है?,balance_check,hi
मैं अपने इन्डियन ओवरसीज बैंक बचत खाते की वर्तमान शेष राशि की पूछताछ करना चाहता हूँ।,balance_check,hi
मेरे खाते में बैंक औफ महाराष्ट्रा बैंक के पास कितने पैसे हैं?,balance_check,hi
मैं अपने जम्मू एन्ड काश्मीर ग्रामीण बैंक चालू खाते में बची राशि के बारे में जानना चाहता हूँ,balance_check,hi
खाता हिंमतनगर नागारिक सहाकारी बैंक लिमिटेड बैंक में  है। कृपया मेरे खाते का अकाउंट बैलेंस बताएँ।,balance_check,hi
>>>>>>> 0ee03bbdf34ca250ca1a4079d508e2181150d6d7
यू पी आई बैलेंस,balance_check,hi
यू पी आई अकाउंट बैलेंस कितना है,balance_check,hi
यू पी आई खाते का  बैलेंस कितना है,balance_check,hi
यूपीआई बैलेंस,balance_check,hi
यूपीआई अकाउंट बैलेंस कितना है,balance_check,hi
यूपीआई खाते का  बैलेंस कितना है,balance_check,hi
बैलेंस चेक करना है,balance_check,hi
बैलेन्स चेक करना है,balance_check,hi
बैलेन्स चैक करना है,balance_check,hi
बैलेंस चैक करना है,balance_check,hi
बैलेंस जानना है,balance_check,hi
बैलेन्स जानना है,balance_check,hi
मेरे खाते में कितना पैसा है,balance_check,hi
खाते में कितने पैसे हैं,balance_check,hi
यू पी आई खाते में कितने पैसे हैं,balance_check,hi
बैलेन्स चेक करना है यू पी आई खाते  का,balance_check,hi
बैलेंस चैक करना है यूपीआई अकाउंट का,balance_check,hi
मेरे खाता शेष राशि चेक करें।,balance_check,hi
खाते की बैलेंस चेक कीजिए।,balance_check,hi
बचत खाते में शेष राशि दिखलाइए।,balance_check,hi
मेरे बचत खाते की राशि बताइए।,balance_check,hi
चालू खाते की शेष धनराशि को देखें।,balance_check,hi
"मेरे चालू खाते में कितना पैसा है, यह दिखाएं।",balance_check,hi
बैंक खाते का बैलेंस दिखाएं।,balance_check,hi
मेरे बैंक खाते की वित्तीय स्थिति दिखाएं।,balance_check,hi
यू पी आई खाते में शेष राशि दिखलाइए।,balance_check,hi
मेरे यू पी आई खाते की राशि बताइए।,balance_check,hi
यू पी आई खाते की शेष धनराशि को देखें।,balance_check,hi
"मेरे यू पी आई खाते में कितना पैसा है, यह दिखाएं।",balance_check,hi
यू पी आई खाते का बैलेंस दिखाएं।,balance_check,hi
मेरे यू पी आई खाते की वित्तीय स्थिति दिखाएं।,balance_check,hi
यूपीआई खाते में शेष राशि दिखलाइए।,balance_check,hi
मेरे यूपीआई खाते की राशि बताइए।,balance_check,hi
यूपीआई खाते की शेष धनराशि को देखें।,balance_check,hi
"मेरे यूपीआई खाते में कितना पैसा है, यह दिखाएं।",balance_check,hi
यूपीआई खाते का बैलेंस दिखाएं।,balance_check,hi
मेरे यूपीआई खाते की वित्तीय स्थिति दिखाएं।,balance_check,hi
<<<<<<< HEAD
मेरे बैंक खाते का बैलेंस क्या है,balance_check,hi
चालू खाते में कितना पैसा है,balance_check,hi
चालू खाते की वर्तमान राशि क्या है,balance_check,hi
बैंक खाते में पैसे कितने बचे हैं,balance_check,hi
खाते की राशि दिखाओ।,balance_check,hi
चालू खाते की शेष राशि बताओ।,balance_check,hi
मेरे खाते में कितनी धनराशि है,balance_check,hi
बचत खाते का शेष धनराशि क्या है,balance_check,hi
मेरे बचत खाते में कितने पैसे बचे हैं,balance_check,hi
खाते का बैलेंस बताओ।,balance_check,hi
मेरे खाते में कितने पैसे बचे हैं,balance_check,hi
कितने पैसे बचे हैं मेरे बैंक खाते में,balance_check,hi
चालू खाते में कितने पैसे बचे हैं,balance_check,hi
कितने पैसे बचे हैं मेरे चालू खाते में,balance_check,hi
मेरे बचत खाते में कितने पैसे बचे हैं,balance_check,hi
कितने पैसे बचे हैं बचत खाते में,balance_check,hi
बैंक खाते में अभी कितने पैसे हैं,balance_check,hi
मेरे चालू खाते में शेष पैसे कितने हैं,balance_check,hi
चालू खाते में पैसा बचा है कितना,balance_check,hi
मेरे बचत खाते में कितना पैसा बचा हुआ है,balance_check,hi
बचत खाते में कितना पैसा शेष है,balance_check,hi
मेरे खाते में कितना पैसा अभी शेष है,balance_check,hi
बैंक खाते में कितना पैसा अभी बचा है,balance_check,hi
मेरे यू पी आई खाते में कितने पैसे बचे हैं,balance_check,hi
कितने पैसे बचे हैं मेरे यू पी आई बैंक खाते में,balance_check,hi
यूपीआई खाते में कितने पैसे बचे हैं,balance_check,hi
कितने पैसे हैं मेरे यूपीआई खाते में,balance_check,hi
यू पी आई खाते में कितने पैसे,balance_check,hi
कितने पैसे हैं बचत खाते में,balance_check,hi
=======
मेरे बैंक खाते का बैलेंस क्या है?,balance_check,hi
चालू खाते में कितना पैसा है?,balance_check,hi
चालू खाते की वर्तमान राशि क्या है?,balance_check,hi
बैंक खाते में पैसे कितने बचे हैं?,balance_check,hi
खाते की राशि दिखाओ।,balance_check,hi
चालू खाते की शेष राशि बताओ।,balance_check,hi
मेरे खाते में कितनी धनराशि है?,balance_check,hi
बचत खाते का शेष धनराशि क्या है?,balance_check,hi
मेरे बचत खाते में कितने पैसे बचे हैं?,balance_check,hi
खाते का बैलेंस बताओ।,balance_check,hi
मेरे खाते में कितने पैसे बचे हैं?,balance_check,hi
कितने पैसे बचे हैं मेरे बैंक खाते में ?,balance_check,hi
चालू खाते में कितने पैसे बचे हैं?,balance_check,hi
कितने पैसे बचे हैं मेरे चालू खाते में ?,balance_check,hi
मेरे बचत खाते में कितने पैसे बचे हैं?,balance_check,hi
कितने पैसे बचे हैं बचत खाते में ?,balance_check,hi
बैंक खाते में अभी कितने पैसे हैं?,balance_check,hi
मेरे चालू खाते में शेष पैसे कितने हैं?,balance_check,hi
चालू खाते में पैसा बचा है कितना?,balance_check,hi
मेरे बचत खाते में कितना पैसा बचा हुआ है?,balance_check,hi
बचत खाते में कितना पैसा शेष है?,balance_check,hi
मेरे खाते में कितना पैसा अभी शेष है?,balance_check,hi
बैंक खाते में कितना पैसा अभी बचा है?,balance_check,hi
मेरे यू पी आई खाते में कितने पैसे बचे हैं?,balance_check,hi
कितने पैसे बचे हैं मेरे यू पी आई बैंक खाते में ?,balance_check,hi
यूपीआई खाते में कितने पैसे बचे हैं?,balance_check,hi
कितने पैसे हैं मेरे यूपीआई खाते में ?,balance_check,hi
यू पी आई खाते में कितने पैसे?,balance_check,hi
कितने पैसे हैं बचत खाते में ?,balance_check,hi
>>>>>>> 0ee03bbdf34ca250ca1a4079d508e2181150d6d7
खाते का बैलेन्स बता दो,balance_check,hi
यू पी आई खाते में शेष राशि दिखलाइए।,balance_check,hi
मेरे यूपीआई खाते की राशि बताइए।,balance_check,hi
यू पी आई अकाउंट की शेष धनराशि को देखें।,balance_check,hi
"मेरे यू पी आई खाते में कितना पैसा है, यह दिखाएं।",balance_check,hi
यू पी आई बैंक खाते का बैलेंस दिखाएं।,balance_check,hi
यूपीआई बैंक खाते की वित्तीय स्थिति दिखाएं।,balance_check,hi
मैं चालू खाते में बची धनराशि के बारे में पूछ रहा हूँ।,balance_check,hi
मुझे मेरे अकाउंट में कितने पैसे हैं वो देखना है,balance_check,hi
<<<<<<< HEAD
इंडिया पोस्ट पेमेंट बैंक खाते का बैलेंस चेक करना है,balance_check,hi
बैलेंस चैक करना है जानसेवा सहाकारी बैंक लिमिटेड पुने अकाउंट का,balance_check,hi
बैलेन्स चेक करना है पंचमहल डिस्ट्रीक्ट कोऑपरेटिव बैंक के सेविंग्स अकाउंट का,balance_check,hi
पुने पीपल्स को ऑप बैंक लिमिटेड चालू खाते का बैलेंस चैक करना है,balance_check,hi
बैलेंस जानना है आंध्र प्रदेश स्टेट कोऑपरेटिव बैंक करंट एकाउंट का,balance_check,hi
आंध्र प्रगति ग्रामीण बैंक करंट अकाउंट का बैलेंस जानना है,balance_check,hi
इंदौर परस्पर सहकारी बैंक लिमिटेड का बैलेन्स बता दो,balance_check,hi
मैं अपने द जुनागढ़ कॉमर्शियल को ऑप बैंक लिमिटेड खाते में वर्तमान शेष राशि के बारे में पूछता हूँ।,balance_check,hi
अपने भगिनी निवेदिता सहकारी बैंक पुणे खाते में शेष राशि के बारे में पूछता हूँ।,balance_check,hi
मुझे मेरे आईसीआईसीआई खाते की शेष राशि की जानकारी चाहिए।,balance_check,hi
मेरे एयू स्मॉल फाइनैंस बैंक बचत खाते में वर्तमान राशि कितनी है,balance_check,hi
मैं अपने श्रि महालक्ष्मि को ऑप बैंक लिमिटेड कोल्हापूर बचत खाते की वर्तमान शेष राशि की पूछताछ करना चाहता हूँ।,balance_check,hi
मेरे खाते में अरविन्द सहकारी बैंक बैंक के पास कितने पैसे हैं,balance_check,hi
मैं अपने द सूटेक्स को ऑप बैंक चालू खाते में बची राशि के बारे में जानना चाहता हूँ,balance_check,hi
खाता द अहमदानगर मर्चेंट्स को ऑप बैंक लिमिटेड बैंक में  है। कृपया मेरे खाते का अकाउंट बैलेंस बताएँ।,balance_check,hi
मैं अपने आंध्र प्रदेश ग्रामीण विकास बैंक खाते में वर्तमान शेष राशि के बारे में पूछता हूँ।,balance_check,hi
अपने आसाम ग्रामीण विकास बैंक खाते में शेष राशि के बारे में पूछता हूँ।,balance_check,hi
मुझे मेरे चित्तौड़गढ़ अर्बन कोऑपरेटिव बैंक लिमिटेड खाते की शेष राशि की जानकारी चाहिए।,balance_check,hi
मेरे पंजाब नैशनल बैंक बचत खाते में वर्तमान राशि कितनी है,balance_check,hi
मैं अपने महाराष्ट्रा स्टेट कोऑपरेटिव बैंक बचत खाते की वर्तमान शेष राशि की पूछताछ करना चाहता हूँ।,balance_check,hi
मेरे खाते में अभ्युदया कोऑपरेटिव बैंक लिमिटेड बैंक के पास कितने पैसे हैं,balance_check,hi
मैं अपने आकोला जनता कॉमर्शियल बैंक चालू खाते में बची राशि के बारे में जानना चाहता हूँ,balance_check,hi
खाता अभ्युदय कोऑप बैंक बैंक में  है। कृपया मेरे खाते का अकाउंट बैलेंस बताएँ।,balance_check,hi
=======
फिनकेयर स्मॉल बैंक खाते का बैलेंस चेक करना है,balance_check,hi
बैलेंस चैक करना है अरूणाचल बैंक अकाउंट का,balance_check,hi
बैलेन्स चेक करना है अक्सिस के सेविंग्स अकाउंट का,balance_check,hi
कोटेक महिंद्रा चालू खाते का बैलेंस चैक करना है,balance_check,hi
बैलेंस जानना है द सूटेक्स को ऑप बैंक करंट एकाउंट का,balance_check,hi
आकोला जनता बैंक करंट अकाउंट का बैलेंस जानना है,balance_check,hi
अर्बन कोऑपरेटिव धरनगांव का बैलेन्स बता दो,balance_check,hi
मैं अपने द वारांछा को ऑप बैंक लिमिटेड खाते में वर्तमान शेष राशि के बारे में पूछता हूँ।,balance_check,hi
अपने सेंट्रल बैंक ऑफ इंडिया खाते में शेष राशि के बारे में पूछता हूँ।,balance_check,hi
मुझे मेरे समर्थ सहकारी बैंक लिमिटेड खाते की शेष राशि की जानकारी चाहिए।,balance_check,hi
मेरे असोसिएट कोऑपरेटिव बैंक बचत खाते में वर्तमान राशि कितनी है?,balance_check,hi
मैं अपने द सुरत डिस्ट्रीक्ट को ऑप बैंक लिमिटेड बचत खाते की वर्तमान शेष राशि की पूछताछ करना चाहता हूँ।,balance_check,hi
मेरे खाते में श्री वीरशैव को ऑप बैंक लिमिटेड बैंक के पास कितने पैसे हैं?,balance_check,hi
मैं अपने फिनकेयर बैंक चालू खाते में बची राशि के बारे में जानना चाहता हूँ,balance_check,hi
खाता जम्मू एन्ड काश्मीर ग्रामीण बैंक बैंक में  है। कृपया मेरे खाते का अकाउंट बैलेंस बताएँ।,balance_check,hi
मैं अपने अपना सहकारी बैंक लिमिटेड खाते में वर्तमान शेष राशि के बारे में पूछता हूँ।,balance_check,hi
अपने सुरत नैशनल कोऑपरेटिव बैंक लिमिटेड खाते में शेष राशि के बारे में पूछता हूँ।,balance_check,hi
मुझे मेरे गुंटुर अर्बन बैंक खाते की शेष राशि की जानकारी चाहिए।,balance_check,hi
मेरे भागिनी निवेदित सहाकारी बैंक लिमिटेड पुने बचत खाते में वर्तमान राशि कितनी है?,balance_check,hi
मैं अपने द नैशनल कोऑपरेटिव बैंक लिमिटेड बचत खाते की वर्तमान शेष राशि की पूछताछ करना चाहता हूँ।,balance_check,hi
मेरे खाते में द बरोड़ा सीटी कोऑपरेटिव बैंक लिमिटेड बैंक के पास कितने पैसे हैं?,balance_check,hi
मैं अपने पीएनबी बैंक चालू खाते में बची राशि के बारे में जानना चाहता हूँ,balance_check,hi
खाता असम ग्रामीण बैंक बैंक में  है। कृपया मेरे खाते का अकाउंट बैलेंस बताएँ।,balance_check,hi
>>>>>>> 0ee03bbdf34ca250ca1a4079d508e2181150d6d7
यू पी आई बैलेंस,balance_check,hi
यू पी आई अकाउंट बैलेंस कितना है,balance_check,hi
यू पी आई खाते का  बैलेंस कितना है,balance_check,hi
यूपीआई बैलेंस,balance_check,hi
यूपीआई अकाउंट बैलेंस कितना है,balance_check,hi
यूपीआई खाते का  बैलेंस कितना है,balance_check,hi
बैलेंस चेक करना है,balance_check,hi
बैलेन्स चेक करना है,balance_check,hi
बैलेन्स चैक करना है,balance_check,hi
बैलेंस चैक करना है,balance_check,hi
बैलेंस जानना है,balance_check,hi
बैलेन्स जानना है,balance_check,hi
मेरे खाते में कितना पैसा है,balance_check,hi
खाते में कितने पैसे हैं,balance_check,hi
यू पी आई खाते में कितने पैसे हैं,balance_check,hi
बैलेन्स चेक करना है यू पी आई खाते  का,balance_check,hi
बैलेंस चैक करना है यूपीआई अकाउंट का,balance_check,hi
मेरे खाता शेष राशि चेक करें।,balance_check,hi
खाते की बैलेंस चेक कीजिए।,balance_check,hi
बचत खाते में शेष राशि दिखलाइए।,balance_check,hi
मेरे बचत खाते की राशि बताइए।,balance_check,hi
चालू खाते की शेष धनराशि को देखें।,balance_check,hi
"मेरे चालू खाते में कितना पैसा है, यह दिखाएं।",balance_check,hi
बैंक खाते का बैलेंस दिखाएं।,balance_check,hi
मेरे बैंक खाते की वित्तीय स्थिति दिखाएं।,balance_check,hi
यू पी आई खाते में शेष राशि दिखलाइए।,balance_check,hi
मेरे यू पी आई खाते की राशि बताइए।,balance_check,hi
यू पी आई खाते की शेष धनराशि को देखें।,balance_check,hi
"मेरे यू पी आई खाते में कितना पैसा है, यह दिखाएं।",balance_check,hi
यू पी आई खाते का बैलेंस दिखाएं।,balance_check,hi
मेरे यू पी आई खाते की वित्तीय स्थिति दिखाएं।,balance_check,hi
यूपीआई खाते में शेष राशि दिखलाइए।,balance_check,hi
मेरे यूपीआई खाते की राशि बताइए।,balance_check,hi
यूपीआई खाते की शेष धनराशि को देखें।,balance_check,hi
"मेरे यूपीआई खाते में कितना पैसा है, यह दिखाएं।",balance_check,hi
यूपीआई खाते का बैलेंस दिखाएं।,balance_check,hi
मेरे यूपीआई खाते की वित्तीय स्थिति दिखाएं।,balance_check,hi
<<<<<<< HEAD
मेरे बैंक खाते का बैलेंस क्या है,balance_check,hi
चालू खाते में कितना पैसा है,balance_check,hi
चालू खाते की वर्तमान राशि क्या है,balance_check,hi
बैंक खाते में पैसे कितने बचे हैं,balance_check,hi
खाते की राशि दिखाओ।,balance_check,hi
चालू खाते की शेष राशि बताओ।,balance_check,hi
मेरे खाते में कितनी धनराशि है,balance_check,hi
बचत खाते का शेष धनराशि क्या है,balance_check,hi
मेरे बचत खाते में कितने पैसे बचे हैं,balance_check,hi
खाते का बैलेंस बताओ।,balance_check,hi
मेरे खाते में कितने पैसे बचे हैं,balance_check,hi
कितने पैसे बचे हैं मेरे बैंक खाते में,balance_check,hi
चालू खाते में कितने पैसे बचे हैं,balance_check,hi
कितने पैसे बचे हैं मेरे चालू खाते में,balance_check,hi
मेरे बचत खाते में कितने पैसे बचे हैं,balance_check,hi
कितने पैसे बचे हैं बचत खाते में,balance_check,hi
बैंक खाते में अभी कितने पैसे हैं,balance_check,hi
मेरे चालू खाते में शेष पैसे कितने हैं,balance_check,hi
चालू खाते में पैसा बचा है कितना,balance_check,hi
मेरे बचत खाते में कितना पैसा बचा हुआ है,balance_check,hi
बचत खाते में कितना पैसा शेष है,balance_check,hi
मेरे खाते में कितना पैसा अभी शेष है,balance_check,hi
बैंक खाते में कितना पैसा अभी बचा है,balance_check,hi
मेरे यू पी आई खाते में कितने पैसे बचे हैं,balance_check,hi
कितने पैसे बचे हैं मेरे यू पी आई बैंक खाते में,balance_check,hi
यूपीआई खाते में कितने पैसे बचे हैं,balance_check,hi
कितने पैसे हैं मेरे यूपीआई खाते में,balance_check,hi
यू पी आई खाते में कितने पैसे,balance_check,hi
कितने पैसे हैं बचत खाते में,balance_check,hi
=======
मेरे बैंक खाते का बैलेंस क्या है?,balance_check,hi
चालू खाते में कितना पैसा है?,balance_check,hi
चालू खाते की वर्तमान राशि क्या है?,balance_check,hi
बैंक खाते में पैसे कितने बचे हैं?,balance_check,hi
खाते की राशि दिखाओ।,balance_check,hi
चालू खाते की शेष राशि बताओ।,balance_check,hi
मेरे खाते में कितनी धनराशि है?,balance_check,hi
बचत खाते का शेष धनराशि क्या है?,balance_check,hi
मेरे बचत खाते में कितने पैसे बचे हैं?,balance_check,hi
खाते का बैलेंस बताओ।,balance_check,hi
मेरे खाते में कितने पैसे बचे हैं?,balance_check,hi
कितने पैसे बचे हैं मेरे बैंक खाते में ?,balance_check,hi
चालू खाते में कितने पैसे बचे हैं?,balance_check,hi
कितने पैसे बचे हैं मेरे चालू खाते में ?,balance_check,hi
मेरे बचत खाते में कितने पैसे बचे हैं?,balance_check,hi
कितने पैसे बचे हैं बचत खाते में ?,balance_check,hi
बैंक खाते में अभी कितने पैसे हैं?,balance_check,hi
मेरे चालू खाते में शेष पैसे कितने हैं?,balance_check,hi
चालू खाते में पैसा बचा है कितना?,balance_check,hi
मेरे बचत खाते में कितना पैसा बचा हुआ है?,balance_check,hi
बचत खाते में कितना पैसा शेष है?,balance_check,hi
मेरे खाते में कितना पैसा अभी शेष है?,balance_check,hi
बैंक खाते में कितना पैसा अभी बचा है?,balance_check,hi
मेरे यू पी आई खाते में कितने पैसे बचे हैं?,balance_check,hi
कितने पैसे बचे हैं मेरे यू पी आई बैंक खाते में ?,balance_check,hi
यूपीआई खाते में कितने पैसे बचे हैं?,balance_check,hi
कितने पैसे हैं मेरे यूपीआई खाते में ?,balance_check,hi
यू पी आई खाते में कितने पैसे?,balance_check,hi
कितने पैसे हैं बचत खाते में ?,balance_check,hi
>>>>>>> 0ee03bbdf34ca250ca1a4079d508e2181150d6d7
खाते का बैलेन्स बता दो,balance_check,hi
यू पी आई खाते में शेष राशि दिखलाइए।,balance_check,hi
मेरे यूपीआई खाते की राशि बताइए।,balance_check,hi
यू पी आई अकाउंट की शेष धनराशि को देखें।,balance_check,hi
"मेरे यू पी आई खाते में कितना पैसा है, यह दिखाएं।",balance_check,hi
यू पी आई बैंक खाते का बैलेंस दिखाएं।,balance_check,hi
यूपीआई बैंक खाते की वित्तीय स्थिति दिखाएं।,balance_check,hi
मैं चालू खाते में बची धनराशि के बारे में पूछ रहा हूँ।,balance_check,hi
मुझे मेरे अकाउंट में कितने पैसे हैं वो देखना है,balance_check,hi
<<<<<<< HEAD
आंध्र प्रदेश महेश कोऑपरेटिव अर्बन बैंक लिमिटेड खाते का बैलेंस चेक करना है,balance_check,hi
बैलेंस चैक करना है चित्तौड़गढ़ अर्बन कोऑपरेटिव बैंक अकाउंट का,balance_check,hi
बैलेन्स चेक करना है भावनगर डिस्ट्रिक्ट को ऑप बैंक के सेविंग्स अकाउंट का,balance_check,hi
झारखण्ड राज्य ग्रामीण बैंक चालू खाते का बैलेंस चैक करना है,balance_check,hi
बैलेंस जानना है वाल्मीकी अर्बन को ऑप बैंक लिमिटेड पाथरी करंट एकाउंट का,balance_check,hi
पी डी पाटील साहेब बैंक करंट अकाउंट का बैलेंस जानना है,balance_check,hi
राजगुरूनगर सहकारी बैंक का बैलेन्स बता दो,balance_check,hi
मैं अपने अम्बरनाथ बैंक खाते में वर्तमान शेष राशि के बारे में पूछता हूँ।,balance_check,hi
अपने मेहसाना अर्बन को ऑप बैंक खाते में शेष राशि के बारे में पूछता हूँ।,balance_check,hi
मुझे मेरे उज्जिवन स्माल फाइनैंस बैंक खाते की शेष राशि की जानकारी चाहिए।,balance_check,hi
मेरे स्टैण्डर्ड चार्टर बचत खाते में वर्तमान राशि कितनी है,balance_check,hi
मैं अपने राजरामबापू सहाकारी बैंक लिमिटेड बचत खाते की वर्तमान शेष राशि की पूछताछ करना चाहता हूँ।,balance_check,hi
मेरे खाते में इंडसइंड बैंक बैंक के पास कितने पैसे हैं,balance_check,hi
मैं अपने श्री चरण सौहार्द कोऑपरेटिव बैंक लिमिटेड चालू खाते में बची राशि के बारे में जानना चाहता हूँ,balance_check,hi
खाता अभ्युदया कोऑप बैंक बैंक में  है। कृपया मेरे खाते का अकाउंट बैलेंस बताएँ।,balance_check,hi
मैं अपने अमरेली जिला सहकारी बैंक खाते में वर्तमान शेष राशि के बारे में पूछता हूँ।,balance_check,hi
अपने राजकोट पीपल्स कोऑपरेटिव बैंक लिमिटेड खाते में शेष राशि के बारे में पूछता हूँ।,balance_check,hi
मुझे मेरे स्री चरन सौहार्धा कोऑपरेटिव बैंक लिमिटेड खाते की शेष राशि की जानकारी चाहिए।,balance_check,hi
मेरे आदर्श कोऑपरेटिव बैंक बचत खाते में वर्तमान राशि कितनी है,balance_check,hi
मैं अपने अभ्युदय कोऑपरेटिव बैंक लिमिटेड बचत खाते की वर्तमान शेष राशि की पूछताछ करना चाहता हूँ।,balance_check,hi
मेरे खाते में महानगर नागरिक सहकारी बैंक बैंक के पास कितने पैसे हैं,balance_check,hi
मैं अपने कैथलिक सिरियन बैंक चालू खाते में बची राशि के बारे में जानना चाहता हूँ,balance_check,hi
खाता ग्रेटर बोम्बे कोऑपरेटिव बैंक बैंक में  है। कृपया मेरे खाते का अकाउंट बैलेंस बताएँ।,balance_check,hi
यू पी आई बैलेंस,balance_check,hi
यू पी आई अकाउंट बैलेंस कितना है,balance_check,hi
यू पी आई खाते का  बैलेंस कितना है,balance_check,hi
यूपीआई बैलेंस,balance_check,hi
यूपीआई अकाउंट बैलेंस कितना है,balance_check,hi
यूपीआई खाते का  बैलेंस कितना है,balance_check,hi
बैलेंस चेक करना है,balance_check,hi
बैलेन्स चेक करना है,balance_check,hi
बैलेन्स चैक करना है,balance_check,hi
बैलेंस चैक करना है,balance_check,hi
बैलेंस जानना है,balance_check,hi
बैलेन्स जानना है,balance_check,hi
मेरे खाते में कितना पैसा है,balance_check,hi
खाते में कितने पैसे हैं,balance_check,hi
यू पी आई खाते में कितने पैसे हैं,balance_check,hi
बैलेन्स चेक करना है यू पी आई खाते  का,balance_check,hi
बैलेंस चैक करना है यूपीआई अकाउंट का,balance_check,hi
मेरे खाता शेष राशि चेक करें।,balance_check,hi
खाते की बैलेंस चेक कीजिए।,balance_check,hi
बचत खाते में शेष राशि दिखलाइए।,balance_check,hi
मेरे बचत खाते की राशि बताइए।,balance_check,hi
चालू खाते की शेष धनराशि को देखें।,balance_check,hi
"मेरे चालू खाते में कितना पैसा है, यह दिखाएं।",balance_check,hi
बैंक खाते का बैलेंस दिखाएं।,balance_check,hi
मेरे बैंक खाते की वित्तीय स्थिति दिखाएं।,balance_check,hi
यू पी आई खाते में शेष राशि दिखलाइए।,balance_check,hi
मेरे यू पी आई खाते की राशि बताइए।,balance_check,hi
यू पी आई खाते की शेष धनराशि को देखें।,balance_check,hi
"मेरे यू पी आई खाते में कितना पैसा है, यह दिखाएं।",balance_check,hi
यू पी आई खाते का बैलेंस दिखाएं।,balance_check,hi
मेरे यू पी आई खाते की वित्तीय स्थिति दिखाएं।,balance_check,hi
यूपीआई खाते में शेष राशि दिखलाइए।,balance_check,hi
मेरे यूपीआई खाते की राशि बताइए।,balance_check,hi
यूपीआई खाते की शेष धनराशि को देखें।,balance_check,hi
"मेरे यूपीआई खाते में कितना पैसा है, यह दिखाएं।",balance_check,hi
यूपीआई खाते का बैलेंस दिखाएं।,balance_check,hi
मेरे यूपीआई खाते की वित्तीय स्थिति दिखाएं।,balance_check,hi
मेरे बैंक खाते का बैलेंस क्या है,balance_check,hi
चालू खाते में कितना पैसा है,balance_check,hi
चालू खाते की वर्तमान राशि क्या है,balance_check,hi
बैंक खाते में पैसे कितने बचे हैं,balance_check,hi
खाते की राशि दिखाओ।,balance_check,hi
चालू खाते की शेष राशि बताओ।,balance_check,hi
मेरे खाते में कितनी धनराशि है,balance_check,hi
बचत खाते का शेष धनराशि क्या है,balance_check,hi
मेरे बचत खाते में कितने पैसे बचे हैं,balance_check,hi
खाते का बैलेंस बताओ।,balance_check,hi
मेरे खाते में कितने पैसे बचे हैं,balance_check,hi
कितने पैसे बचे हैं मेरे बैंक खाते में,balance_check,hi
चालू खाते में कितने पैसे बचे हैं,balance_check,hi
कितने पैसे बचे हैं मेरे चालू खाते में,balance_check,hi
मेरे बचत खाते में कितने पैसे बचे हैं,balance_check,hi
कितने पैसे बचे हैं बचत खाते में,balance_check,hi
बैंक खाते में अभी कितने पैसे हैं,balance_check,hi
मेरे चालू खाते में शेष पैसे कितने हैं,balance_check,hi
चालू खाते में पैसा बचा है कितना,balance_check,hi
मेरे बचत खाते में कितना पैसा बचा हुआ है,balance_check,hi
बचत खाते में कितना पैसा शेष है,balance_check,hi
मेरे खाते में कितना पैसा अभी शेष है,balance_check,hi
बैंक खाते में कितना पैसा अभी बचा है,balance_check,hi
मेरे यू पी आई खाते में कितने पैसे बचे हैं,balance_check,hi
कितने पैसे बचे हैं मेरे यू पी आई बैंक खाते में,balance_check,hi
यूपीआई खाते में कितने पैसे बचे हैं,balance_check,hi
कितने पैसे हैं मेरे यूपीआई खाते में,balance_check,hi
यू पी आई खाते में कितने पैसे,balance_check,hi
कितने पैसे हैं बचत खाते में,balance_check,hi
खाते का बैलेन्स बता दो,balance_check,hi
यू पी आई खाते में शेष राशि दिखलाइए।,balance_check,hi
मेरे यूपीआई खाते की राशि बताइए।,balance_check,hi
यू पी आई अकाउंट की शेष धनराशि को देखें।,balance_check,hi
"मेरे यू पी आई खाते में कितना पैसा है, यह दिखाएं।",balance_check,hi
यू पी आई बैंक खाते का बैलेंस दिखाएं।,balance_check,hi
यूपीआई बैंक खाते की वित्तीय स्थिति दिखाएं।,balance_check,hi
मैं चालू खाते में बची धनराशि के बारे में पूछ रहा हूँ।,balance_check,hi
मुझे मेरे अकाउंट में कितने पैसे हैं वो देखना है,balance_check,hi
बालोत्रा अर्बन बैंक खाते का बैलेंस चेक करना है,balance_check,hi
बैलेंस चैक करना है लिवक्विक टेक्नॉलॉजी इंडिया प्राईवेट लिमिटेड अकाउंट का,balance_check,hi
बैलेन्स चेक करना है सर्वोदय कॉमर्शियल बैंक के सेविंग्स अकाउंट का,balance_check,hi
लिवक्विक टेक्नॉलॉजी प्राईवेट लिमिटेड चालू खाते का बैलेंस चैक करना है,balance_check,hi
बैलेंस जानना है महाराष्ट्रा ग्रामिन बैंक करंट एकाउंट का,balance_check,hi
अमेज़ॉन पे प्राइवेट लिमिटेड करंट अकाउंट का बैलेंस जानना है,balance_check,hi
कंकारिया माइनगर नाग्रिक सहाकारी बैंक लिमिटेड का बैलेन्स बता दो,balance_check,hi
मैं अपने एन एस डी एल बैंक खाते में वर्तमान शेष राशि के बारे में पूछता हूँ।,balance_check,hi
अपने कोडुंगल्लुर टाउन कोऑपरेटिव बैंक खाते में शेष राशि के बारे में पूछता हूँ।,balance_check,hi
मुझे मेरे जम्मू कश्मीर ग्रामीण बैंक खाते की शेष राशि की जानकारी चाहिए।,balance_check,hi
मेरे अभ्युदय बैंक बचत खाते में वर्तमान राशि कितनी है,balance_check,hi
मैं अपने श्री वीरशैव को ऑप बैंक लिमिटेड बचत खाते की वर्तमान शेष राशि की पूछताछ करना चाहता हूँ।,balance_check,hi
मेरे खाते में भावनगर डिस्ट्रिक्ट को ऑप बैंक बैंक के पास कितने पैसे हैं,balance_check,hi
मैं अपने भरत को ऑप बैंक चालू खाते में बची राशि के बारे में जानना चाहता हूँ,balance_check,hi
खाता सिटिजन्स कोऑपरेटिव बैंक लिमिटेड बैंक में  है। कृपया मेरे खाते का अकाउंट बैलेंस बताएँ।,balance_check,hi
मैं अपने जनसेवा सहकारी बैंक लिमिटेड पुने खाते में वर्तमान शेष राशि के बारे में पूछता हूँ।,balance_check,hi
अपने आसाम ग्रामीण विकास बैंक खाते में शेष राशि के बारे में पूछता हूँ।,balance_check,hi
मुझे मेरे लिवक्विक टेक्नॉलॉजी इंडिया प्राईवेट लिमिटेड खाते की शेष राशि की जानकारी चाहिए।,balance_check,hi
मेरे प्रियदर्शनी नगरी सहकारी बैंक लिमिटेड जालना बचत खाते में वर्तमान राशि कितनी है,balance_check,hi
मैं अपने माहावीर कोऑपरेटिव अर्बन बैंक लिमिटेड बचत खाते की वर्तमान शेष राशि की पूछताछ करना चाहता हूँ।,balance_check,hi
मेरे खाते में बीओआई बैंक के पास कितने पैसे हैं,balance_check,hi
मैं अपने बालोत्रा अर्बन कोऑपरेटिव बैंक लिमिटेड चालू खाते में बची राशि के बारे में जानना चाहता हूँ,balance_check,hi
खाता अग्रसेन कोऑपरेटिव अर्बन बैंक बैंक में  है। कृपया मेरे खाते का अकाउंट बैलेंस बताएँ।,balance_check,hi
यू पी आई बैलेंस,balance_check,hi
यू पी आई अकाउंट बैलेंस कितना है,balance_check,hi
यू पी आई खाते का  बैलेंस कितना है,balance_check,hi
यूपीआई बैलेंस,balance_check,hi
यूपीआई अकाउंट बैलेंस कितना है,balance_check,hi
यूपीआई खाते का  बैलेंस कितना है,balance_check,hi
बैलेंस चेक करना है,balance_check,hi
बैलेन्स चेक करना है,balance_check,hi
बैलेन्स चैक करना है,balance_check,hi
बैलेंस चैक करना है,balance_check,hi
बैलेंस जानना है,balance_check,hi
बैलेन्स जानना है,balance_check,hi
मेरे खाते में कितना पैसा है,balance_check,hi
खाते में कितने पैसे हैं,balance_check,hi
यू पी आई खाते में कितने पैसे हैं,balance_check,hi
बैलेन्स चेक करना है यू पी आई खाते  का,balance_check,hi
बैलेंस चैक करना है यूपीआई अकाउंट का,balance_check,hi
मेरे खाता शेष राशि चेक करें।,balance_check,hi
खाते की बैलेंस चेक कीजिए।,balance_check,hi
बचत खाते में शेष राशि दिखलाइए।,balance_check,hi
मेरे बचत खाते की राशि बताइए।,balance_check,hi
चालू खाते की शेष धनराशि को देखें।,balance_check,hi
"मेरे चालू खाते में कितना पैसा है, यह दिखाएं।",balance_check,hi
बैंक खाते का बैलेंस दिखाएं।,balance_check,hi
मेरे बैंक खाते की वित्तीय स्थिति दिखाएं।,balance_check,hi
यू पी आई खाते में शेष राशि दिखलाइए।,balance_check,hi
मेरे यू पी आई खाते की राशि बताइए।,balance_check,hi
यू पी आई खाते की शेष धनराशि को देखें।,balance_check,hi
"मेरे यू पी आई खाते में कितना पैसा है, यह दिखाएं।",balance_check,hi
यू पी आई खाते का बैलेंस दिखाएं।,balance_check,hi
मेरे यू पी आई खाते की वित्तीय स्थिति दिखाएं।,balance_check,hi
यूपीआई खाते में शेष राशि दिखलाइए।,balance_check,hi
मेरे यूपीआई खाते की राशि बताइए।,balance_check,hi
यूपीआई खाते की शेष धनराशि को देखें।,balance_check,hi
"मेरे यूपीआई खाते में कितना पैसा है, यह दिखाएं।",balance_check,hi
यूपीआई खाते का बैलेंस दिखाएं।,balance_check,hi
मेरे यूपीआई खाते की वित्तीय स्थिति दिखाएं।,balance_check,hi
मेरे बैंक खाते का बैलेंस क्या है,balance_check,hi
चालू खाते में कितना पैसा है,balance_check,hi
चालू खाते की वर्तमान राशि क्या है,balance_check,hi
बैंक खाते में पैसे कितने बचे हैं,balance_check,hi
खाते की राशि दिखाओ।,balance_check,hi
चालू खाते की शेष राशि बताओ।,balance_check,hi
मेरे खाते में कितनी धनराशि है,balance_check,hi
बचत खाते का शेष धनराशि क्या है,balance_check,hi
मेरे बचत खाते में कितने पैसे बचे हैं,balance_check,hi
खाते का बैलेंस बताओ।,balance_check,hi
मेरे खाते में कितने पैसे बचे हैं,balance_check,hi
कितने पैसे बचे हैं मेरे बैंक खाते में,balance_check,hi
चालू खाते में कितने पैसे बचे हैं,balance_check,hi
कितने पैसे बचे हैं मेरे चालू खाते में,balance_check,hi
मेरे बचत खाते में कितने पैसे बचे हैं,balance_check,hi
कितने पैसे बचे हैं बचत खाते में,balance_check,hi
बैंक खाते में अभी कितने पैसे हैं,balance_check,hi
मेरे चालू खाते में शेष पैसे कितने हैं,balance_check,hi
चालू खाते में पैसा बचा है कितना,balance_check,hi
मेरे बचत खाते में कितना पैसा बचा हुआ है,balance_check,hi
बचत खाते में कितना पैसा शेष है,balance_check,hi
मेरे खाते में कितना पैसा अभी शेष है,balance_check,hi
बैंक खाते में कितना पैसा अभी बचा है,balance_check,hi
मेरे यू पी आई खाते में कितने पैसे बचे हैं,balance_check,hi
कितने पैसे बचे हैं मेरे यू पी आई बैंक खाते में,balance_check,hi
यूपीआई खाते में कितने पैसे बचे हैं,balance_check,hi
कितने पैसे हैं मेरे यूपीआई खाते में,balance_check,hi
यू पी आई खाते में कितने पैसे,balance_check,hi
कितने पैसे हैं बचत खाते में,balance_check,hi
खाते का बैलेन्स बता दो,balance_check,hi
यू पी आई खाते में शेष राशि दिखलाइए।,balance_check,hi
मेरे यूपीआई खाते की राशि बताइए।,balance_check,hi
यू पी आई अकाउंट की शेष धनराशि को देखें।,balance_check,hi
"मेरे यू पी आई खाते में कितना पैसा है, यह दिखाएं।",balance_check,hi
यू पी आई बैंक खाते का बैलेंस दिखाएं।,balance_check,hi
यूपीआई बैंक खाते की वित्तीय स्थिति दिखाएं।,balance_check,hi
मैं चालू खाते में बची धनराशि के बारे में पूछ रहा हूँ।,balance_check,hi
मुझे मेरे अकाउंट में कितने पैसे हैं वो देखना है,balance_check,hi
कर्णावती को ऑप बैंक खाते का बैलेंस चेक करना है,balance_check,hi
बैलेंस चैक करना है हस्ति को ऑप बैंक अकाउंट का,balance_check,hi
बैलेन्स चेक करना है भावनगर डिस्ट्रिक्ट को ऑप बैंक लिमिटेड के सेविंग्स अकाउंट का,balance_check,hi
भाग्योदय कोऑपरेटिव बैंक चालू खाते का बैलेंस चैक करना है,balance_check,hi
बैलेंस जानना है अम्बरनाथ जई हिन्द कोऑपरेटिव बैंक करंट एकाउंट का,balance_check,hi
एसोसिएट कोऑपरेटिव बैंक लिमिटेड सूरत करंट अकाउंट का बैलेंस जानना है,balance_check,hi
द संगमनर मर्चेंट्स को ऑप बैंक लिमिटेड का बैलेन्स बता दो,balance_check,hi
मैं अपने यूको खाते में वर्तमान शेष राशि के बारे में पूछता हूँ।,balance_check,hi
अपने कोकण मर्चेन्टाइल कोऑपरेटिव बैंक लिमिटेड खाते में शेष राशि के बारे में पूछता हूँ।,balance_check,hi
मुझे मेरे ए पी राज राजेस्वरी महिला को ऑपरेटिव अर्बन बैंक खाते की शेष राशि की जानकारी चाहिए।,balance_check,hi
मेरे बालोत्रा अर्बन कोऑपरेटिव बैंक बचत खाते में वर्तमान राशि कितनी है,balance_check,hi
मैं अपने अजनता अर्बन कोऑपरेटिव बचत खाते की वर्तमान शेष राशि की पूछताछ करना चाहता हूँ।,balance_check,hi
मेरे खाते में मध्या बिहर ग्रामिन बैंक बैंक के पास कितने पैसे हैं,balance_check,hi
मैं अपने बैंक ओफ अमरीका चालू खाते में बची राशि के बारे में जानना चाहता हूँ,balance_check,hi
खाता फैड्रल बैंक बैंक में  है। कृपया मेरे खाते का अकाउंट बैलेंस बताएँ।,balance_check,hi
मैं अपने अर्बन धरनगांव बैंक खाते में वर्तमान शेष राशि के बारे में पूछता हूँ।,balance_check,hi
अपने एसोसिएट कोऑपरेटिव बैंक सूरत खाते में शेष राशि के बारे में पूछता हूँ।,balance_check,hi
मुझे मेरे तेलंगना स्टेट को ऑप अपेक्स बैंक खाते की शेष राशि की जानकारी चाहिए।,balance_check,hi
मेरे इन्डिया पोस्ट पेमेंट बैंक बचत खाते में वर्तमान राशि कितनी है,balance_check,hi
मैं अपने नूतन नागरिक सहकारी बैंक बचत खाते की वर्तमान शेष राशि की पूछताछ करना चाहता हूँ।,balance_check,hi
मेरे खाते में इन्डियन ओवरसीज बैंक बैंक के पास कितने पैसे हैं,balance_check,hi
मैं अपने उंझा नागरिक सहकारी बैंक लिमिटेड चालू खाते में बची राशि के बारे में जानना चाहता हूँ,balance_check,hi
खाता एक्सिस बैंक में  है। कृपया मेरे खाते का अकाउंट बैलेंस बताएँ।,balance_check,hi
यू पी आई बैलेंस,balance_check,hi
यू पी आई अकाउंट बैलेंस कितना है,balance_check,hi
यू पी आई खाते का  बैलेंस कितना है,balance_check,hi
यूपीआई बैलेंस,balance_check,hi
यूपीआई अकाउंट बैलेंस कितना है,balance_check,hi
यूपीआई खाते का  बैलेंस कितना है,balance_check,hi
बैलेंस चेक करना है,balance_check,hi
बैलेन्स चेक करना है,balance_check,hi
बैलेन्स चैक करना है,balance_check,hi
बैलेंस चैक करना है,balance_check,hi
बैलेंस जानना है,balance_check,hi
बैलेन्स जानना है,balance_check,hi
मेरे खाते में कितना पैसा है,balance_check,hi
खाते में कितने पैसे हैं,balance_check,hi
यू पी आई खाते में कितने पैसे हैं,balance_check,hi
बैलेन्स चेक करना है यू पी आई खाते  का,balance_check,hi
बैलेंस चैक करना है यूपीआई अकाउंट का,balance_check,hi
मेरे खाता शेष राशि चेक करें।,balance_check,hi
खाते की बैलेंस चेक कीजिए।,balance_check,hi
बचत खाते में शेष राशि दिखलाइए।,balance_check,hi
मेरे बचत खाते की राशि बताइए।,balance_check,hi
चालू खाते की शेष धनराशि को देखें।,balance_check,hi
"मेरे चालू खाते में कितना पैसा है, यह दिखाएं।",balance_check,hi
बैंक खाते का बैलेंस दिखाएं।,balance_check,hi
मेरे बैंक खाते की वित्तीय स्थिति दिखाएं।,balance_check,hi
यू पी आई खाते में शेष राशि दिखलाइए।,balance_check,hi
मेरे यू पी आई खाते की राशि बताइए।,balance_check,hi
यू पी आई खाते की शेष धनराशि को देखें।,balance_check,hi
"मेरे यू पी आई खाते में कितना पैसा है, यह दिखाएं।",balance_check,hi
यू पी आई खाते का बैलेंस दिखाएं।,balance_check,hi
मेरे यू पी आई खाते की वित्तीय स्थिति दिखाएं।,balance_check,hi
यूपीआई खाते में शेष राशि दिखलाइए।,balance_check,hi
मेरे यूपीआई खाते की राशि बताइए।,balance_check,hi
यूपीआई खाते की शेष धनराशि को देखें।,balance_check,hi
"मेरे यूपीआई खाते में कितना पैसा है, यह दिखाएं।",balance_check,hi
यूपीआई खाते का बैलेंस दिखाएं।,balance_check,hi
मेरे यूपीआई खाते की वित्तीय स्थिति दिखाएं।,balance_check,hi
मेरे बैंक खाते का बैलेंस क्या है,balance_check,hi
चालू खाते में कितना पैसा है,balance_check,hi
चालू खाते की वर्तमान राशि क्या है,balance_check,hi
बैंक खाते में पैसे कितने बचे हैं,balance_check,hi
खाते की राशि दिखाओ।,balance_check,hi
चालू खाते की शेष राशि बताओ।,balance_check,hi
मेरे खाते में कितनी धनराशि है,balance_check,hi
बचत खाते का शेष धनराशि क्या है,balance_check,hi
मेरे बचत खाते में कितने पैसे बचे हैं,balance_check,hi
खाते का बैलेंस बताओ।,balance_check,hi
मेरे खाते में कितने पैसे बचे हैं,balance_check,hi
कितने पैसे बचे हैं मेरे बैंक खाते में,balance_check,hi
चालू खाते में कितने पैसे बचे हैं,balance_check,hi
कितने पैसे बचे हैं मेरे चालू खाते में,balance_check,hi
मेरे बचत खाते में कितने पैसे बचे हैं,balance_check,hi
कितने पैसे बचे हैं बचत खाते में,balance_check,hi
बैंक खाते में अभी कितने पैसे हैं,balance_check,hi
मेरे चालू खाते में शेष पैसे कितने हैं,balance_check,hi
चालू खाते में पैसा बचा है कितना,balance_check,hi
मेरे बचत खाते में कितना पैसा बचा हुआ है,balance_check,hi
बचत खाते में कितना पैसा शेष है,balance_check,hi
मेरे खाते में कितना पैसा अभी शेष है,balance_check,hi
बैंक खाते में कितना पैसा अभी बचा है,balance_check,hi
मेरे यू पी आई खाते में कितने पैसे बचे हैं,balance_check,hi
कितने पैसे बचे हैं मेरे यू पी आई बैंक खाते में,balance_check,hi
यूपीआई खाते में कितने पैसे बचे हैं,balance_check,hi
कितने पैसे हैं मेरे यूपीआई खाते में,balance_check,hi
यू पी आई खाते में कितने पैसे,balance_check,hi
कितने पैसे हैं बचत खाते में,balance_check,hi
खाते का बैलेन्स बता दो,balance_check,hi
यू पी आई खाते में शेष राशि दिखलाइए।,balance_check,hi
मेरे यूपीआई खाते की राशि बताइए।,balance_check,hi
यू पी आई अकाउंट की शेष धनराशि को देखें।,balance_check,hi
"मेरे यू पी आई खाते में कितना पैसा है, यह दिखाएं।",balance_check,hi
यू पी आई बैंक खाते का बैलेंस दिखाएं।,balance_check,hi
यूपीआई बैंक खाते की वित्तीय स्थिति दिखाएं।,balance_check,hi
मैं चालू खाते में बची धनराशि के बारे में पूछ रहा हूँ।,balance_check,hi
मुझे मेरे अकाउंट में कितने पैसे हैं वो देखना है,balance_check,hi
इंडसइंड बैंक खाते का बैलेंस चेक करना है,balance_check,hi
बैलेंस चैक करना है सीबीआई अकाउंट का,balance_check,hi
बैलेन्स चेक करना है श्री राम कोऑपरेटिव बैंक के सेविंग्स अकाउंट का,balance_check,hi
कैथोलिक सिरियन बैंक चालू खाते का बैलेंस चैक करना है,balance_check,hi
बैलेंस जानना है अम्रेली जिला बैंक करंट एकाउंट का,balance_check,hi
भाग्योदय कोऑपरेटिव बैंक करंट अकाउंट का बैलेंस जानना है,balance_check,hi
उत्कर्श बैंक का बैलेन्स बता दो,balance_check,hi
मैं अपने टी जे एस बी बैंक खाते में वर्तमान शेष राशि के बारे में पूछता हूँ।,balance_check,hi
अपने मध्य प्रदेश राज्य सहकारी बैंक खाते में शेष राशि के बारे में पूछता हूँ।,balance_check,hi
मुझे मेरे सरदार वल्लभभाइ सहकारी बैंक लिमिटेड खाते की शेष राशि की जानकारी चाहिए।,balance_check,hi
मेरे इन्डियन ओवरसीज बैंक बचत खाते में वर्तमान राशि कितनी है,balance_check,hi
मैं अपने पीपल्स अर्बन कोऑपरेटिव बैंक लिमिटेड बचत खाते की वर्तमान शेष राशि की पूछताछ करना चाहता हूँ।,balance_check,hi
मेरे खाते में जनता सेवा कोऑपरेटिव बैंक लिमिटेड बैंक बैंक के पास कितने पैसे हैं,balance_check,hi
मैं अपने सिंधनौर अर्बन कोऑपरेटिव बैंक चालू खाते में बची राशि के बारे में जानना चाहता हूँ,balance_check,hi
खाता द ठाने डिस्ट्रीक्ट सेन्ट्रल को ऑप बैंक लिमिटेड बैंक में  है। कृपया मेरे खाते का अकाउंट बैलेंस बताएँ।,balance_check,hi
मैं अपने सर्वोदय कॉमर्शियल बैंक खाते में वर्तमान शेष राशि के बारे में पूछता हूँ।,balance_check,hi
अपने स्टेट बैंक ओफ इन्डिया खाते में शेष राशि के बारे में पूछता हूँ।,balance_check,hi
मुझे मेरे कल्याण जनता सहकारी खाते की शेष राशि की जानकारी चाहिए।,balance_check,hi
मेरे अक्सिस बैंक बचत खाते में वर्तमान राशि कितनी है,balance_check,hi
मैं अपने महानगर नागरिक सहकारी बैंक बचत खाते की वर्तमान शेष राशि की पूछताछ करना चाहता हूँ।,balance_check,hi
मेरे खाते में नावी मुम्बई कोऑपरेटिव बैंक लिमिटेड बैंक के पास कितने पैसे हैं,balance_check,hi
मैं अपने मानसिंग कोऑपरेटिव बैंक लिमिटेड चालू खाते में बची राशि के बारे में जानना चाहता हूँ,balance_check,hi
खाता श्री पञ्चगंगा नगरी सहकारी बैंक बैंक में  है। कृपया मेरे खाते का अकाउंट बैलेंस बताएँ।,balance_check,hi
यू पी आई बैलेंस,balance_check,hi
यू पी आई अकाउंट बैलेंस कितना है,balance_check,hi
यू पी आई खाते का  बैलेंस कितना है,balance_check,hi
यूपीआई बैलेंस,balance_check,hi
यूपीआई अकाउंट बैलेंस कितना है,balance_check,hi
यूपीआई खाते का  बैलेंस कितना है,balance_check,hi
बैलेंस चेक करना है,balance_check,hi
बैलेन्स चेक करना है,balance_check,hi
बैलेन्स चैक करना है,balance_check,hi
बैलेंस चैक करना है,balance_check,hi
बैलेंस जानना है,balance_check,hi
बैलेन्स जानना है,balance_check,hi
मेरे खाते में कितना पैसा है,balance_check,hi
खाते में कितने पैसे हैं,balance_check,hi
यू पी आई खाते में कितने पैसे हैं,balance_check,hi
बैलेन्स चेक करना है यू पी आई खाते  का,balance_check,hi
बैलेंस चैक करना है यूपीआई अकाउंट का,balance_check,hi
मेरे खाता शेष राशि चेक करें।,balance_check,hi
खाते की बैलेंस चेक कीजिए।,balance_check,hi
बचत खाते में शेष राशि दिखलाइए।,balance_check,hi
मेरे बचत खाते की राशि बताइए।,balance_check,hi
चालू खाते की शेष धनराशि को देखें।,balance_check,hi
"मेरे चालू खाते में कितना पैसा है, यह दिखाएं।",balance_check,hi
बैंक खाते का बैलेंस दिखाएं।,balance_check,hi
मेरे बैंक खाते की वित्तीय स्थिति दिखाएं।,balance_check,hi
यू पी आई खाते में शेष राशि दिखलाइए।,balance_check,hi
मेरे यू पी आई खाते की राशि बताइए।,balance_check,hi
यू पी आई खाते की शेष धनराशि को देखें।,balance_check,hi
"मेरे यू पी आई खाते में कितना पैसा है, यह दिखाएं।",balance_check,hi
यू पी आई खाते का बैलेंस दिखाएं।,balance_check,hi
मेरे यू पी आई खाते की वित्तीय स्थिति दिखाएं।,balance_check,hi
यूपीआई खाते में शेष राशि दिखलाइए।,balance_check,hi
मेरे यूपीआई खाते की राशि बताइए।,balance_check,hi
यूपीआई खाते की शेष धनराशि को देखें।,balance_check,hi
"मेरे यूपीआई खाते में कितना पैसा है, यह दिखाएं।",balance_check,hi
यूपीआई खाते का बैलेंस दिखाएं।,balance_check,hi
मेरे यूपीआई खाते की वित्तीय स्थिति दिखाएं।,balance_check,hi
मेरे बैंक खाते का बैलेंस क्या है,balance_check,hi
चालू खाते में कितना पैसा है,balance_check,hi
चालू खाते की वर्तमान राशि क्या है,balance_check,hi
बैंक खाते में पैसे कितने बचे हैं,balance_check,hi
खाते की राशि दिखाओ।,balance_check,hi
चालू खाते की शेष राशि बताओ।,balance_check,hi
मेरे खाते में कितनी धनराशि है,balance_check,hi
बचत खाते का शेष धनराशि क्या है,balance_check,hi
मेरे बचत खाते में कितने पैसे बचे हैं,balance_check,hi
खाते का बैलेंस बताओ।,balance_check,hi
मेरे खाते में कितने पैसे बचे हैं,balance_check,hi
कितने पैसे बचे हैं मेरे बैंक खाते में,balance_check,hi
चालू खाते में कितने पैसे बचे हैं,balance_check,hi
कितने पैसे बचे हैं मेरे चालू खाते में,balance_check,hi
मेरे बचत खाते में कितने पैसे बचे हैं,balance_check,hi
कितने पैसे बचे हैं बचत खाते में,balance_check,hi
बैंक खाते में अभी कितने पैसे हैं,balance_check,hi
मेरे चालू खाते में शेष पैसे कितने हैं,balance_check,hi
चालू खाते में पैसा बचा है कितना,balance_check,hi
मेरे बचत खाते में कितना पैसा बचा हुआ है,balance_check,hi
बचत खाते में कितना पैसा शेष है,balance_check,hi
मेरे खाते में कितना पैसा अभी शेष है,balance_check,hi
बैंक खाते में कितना पैसा अभी बचा है,balance_check,hi
मेरे यू पी आई खाते में कितने पैसे बचे हैं,balance_check,hi
कितने पैसे बचे हैं मेरे यू पी आई बैंक खाते में,balance_check,hi
यूपीआई खाते में कितने पैसे बचे हैं,balance_check,hi
कितने पैसे हैं मेरे यूपीआई खाते में,balance_check,hi
यू पी आई खाते में कितने पैसे,balance_check,hi
कितने पैसे हैं बचत खाते में,balance_check,hi
खाते का बैलेन्स बता दो,balance_check,hi
यू पी आई खाते में शेष राशि दिखलाइए।,balance_check,hi
मेरे यूपीआई खाते की राशि बताइए।,balance_check,hi
यू पी आई अकाउंट की शेष धनराशि को देखें।,balance_check,hi
"मेरे यू पी आई खाते में कितना पैसा है, यह दिखाएं।",balance_check,hi
यू पी आई बैंक खाते का बैलेंस दिखाएं।,balance_check,hi
यूपीआई बैंक खाते की वित्तीय स्थिति दिखाएं।,balance_check,hi
मैं चालू खाते में बची धनराशि के बारे में पूछ रहा हूँ।,balance_check,hi
मुझे मेरे अकाउंट में कितने पैसे हैं वो देखना है,balance_check,hi
नूतन नागरिक सहकारी बैंक खाते का बैलेंस चेक करना है,balance_check,hi
बैलेंस चैक करना है सीटीआई बैंक अकाउंट का,balance_check,hi
बैलेन्स चेक करना है कर्नाटक  स्टेट कोऑपरेटिव अपेक्स बैंक के सेविंग्स अकाउंट का,balance_check,hi
अहमदनगर शहर सहकारी बैंक लिमिटेड चालू खाते का बैलेंस चैक करना है,balance_check,hi
बैलेंस जानना है द बेलरी डिस्ट्रीक्ट को ऑप सेन्ट्रल बैंक लिमिटेड करंट एकाउंट का,balance_check,hi
आईडीबीआई बैंक करंट अकाउंट का बैलेंस जानना है,balance_check,hi
सिटिजन कोऑपरेटिव बैंक लिमिटेड नोयडा का बैलेन्स बता दो,balance_check,hi
मैं अपने फिंकेयर बैंक खाते में वर्तमान शेष राशि के बारे में पूछता हूँ।,balance_check,hi
अपने बालोत्रा अर्बन कोऑपरेटिव बैंक लिमिटेड खाते में शेष राशि के बारे में पूछता हूँ।,balance_check,hi
मुझे मेरे इंदोरे क्लोथ मारकेट को ऑप बैंक लिमिटेड खाते की शेष राशि की जानकारी चाहिए।,balance_check,hi
मेरे छत्तीसगढ़ राज्य ग्रामीण बैंक बचत खाते में वर्तमान राशि कितनी है,balance_check,hi
मैं अपने इंडसिंड बैंक बचत खाते की वर्तमान शेष राशि की पूछताछ करना चाहता हूँ।,balance_check,hi
मेरे खाते में उज्जिवन स्माल फाइनैंस बैंक बैंक के पास कितने पैसे हैं,balance_check,hi
मैं अपने महेसाना अर्बन को ऑप बैंक चालू खाते में बची राशि के बारे में जानना चाहता हूँ,balance_check,hi
खाता राजर्षी शाहु सहाकारी बैंक लिमिटेड बैंक में  है। कृपया मेरे खाते का अकाउंट बैलेंस बताएँ।,balance_check,hi
मैं अपने वर्धामान माहिला को ऑप अर्बन बैंक लिमिटेड खाते में वर्तमान शेष राशि के बारे में पूछता हूँ।,balance_check,hi
अपने यादगिरी लक्ष्मी नरसिम्हा स्वामि को ऑप अर्बन बैंक खाते में शेष राशि के बारे में पूछता हूँ।,balance_check,hi
मुझे मेरे भागिनी निवेदित सहाकारी बैंक पुने खाते की शेष राशि की जानकारी चाहिए।,balance_check,hi
मेरे कैनरा बैंक बचत खाते में वर्तमान राशि कितनी है,balance_check,hi
मैं अपने लिवक्विक इंडिया प्राईवेट लिमिटेड बचत खाते की वर्तमान शेष राशि की पूछताछ करना चाहता हूँ।,balance_check,hi
मेरे खाते में त्रिपुरा ग्रामीण बैंक बैंक के पास कितने पैसे हैं,balance_check,hi
मैं अपने वसाई जनाता सहाकारी बैंक लिमिटेड चालू खाते में बची राशि के बारे में जानना चाहता हूँ,balance_check,hi
खाता इंडियन बैंक बैंक में  है। कृपया मेरे खाते का अकाउंट बैलेंस बताएँ।,balance_check,hi
यू पी आई बैलेंस,balance_check,hi
यू पी आई अकाउंट बैलेंस कितना है,balance_check,hi
यू पी आई खाते का  बैलेंस कितना है,balance_check,hi
यूपीआई बैलेंस,balance_check,hi
यूपीआई अकाउंट बैलेंस कितना है,balance_check,hi
यूपीआई खाते का  बैलेंस कितना है,balance_check,hi
बैलेंस चेक करना है,balance_check,hi
बैलेन्स चेक करना है,balance_check,hi
बैलेन्स चैक करना है,balance_check,hi
बैलेंस चैक करना है,balance_check,hi
बैलेंस जानना है,balance_check,hi
बैलेन्स जानना है,balance_check,hi
मेरे खाते में कितना पैसा है,balance_check,hi
खाते में कितने पैसे हैं,balance_check,hi
यू पी आई खाते में कितने पैसे हैं,balance_check,hi
बैलेन्स चेक करना है यू पी आई खाते  का,balance_check,hi
बैलेंस चैक करना है यूपीआई अकाउंट का,balance_check,hi
मेरे खाता शेष राशि चेक करें।,balance_check,hi
खाते की बैलेंस चेक कीजिए।,balance_check,hi
बचत खाते में शेष राशि दिखलाइए।,balance_check,hi
मेरे बचत खाते की राशि बताइए।,balance_check,hi
चालू खाते की शेष धनराशि को देखें।,balance_check,hi
"मेरे चालू खाते में कितना पैसा है, यह दिखाएं।",balance_check,hi
बैंक खाते का बैलेंस दिखाएं।,balance_check,hi
मेरे बैंक खाते की वित्तीय स्थिति दिखाएं।,balance_check,hi
यू पी आई खाते में शेष राशि दिखलाइए।,balance_check,hi
मेरे यू पी आई खाते की राशि बताइए।,balance_check,hi
यू पी आई खाते की शेष धनराशि को देखें।,balance_check,hi
"मेरे यू पी आई खाते में कितना पैसा है, यह दिखाएं।",balance_check,hi
यू पी आई खाते का बैलेंस दिखाएं।,balance_check,hi
मेरे यू पी आई खाते की वित्तीय स्थिति दिखाएं।,balance_check,hi
यूपीआई खाते में शेष राशि दिखलाइए।,balance_check,hi
मेरे यूपीआई खाते की राशि बताइए।,balance_check,hi
यूपीआई खाते की शेष धनराशि को देखें।,balance_check,hi
"मेरे यूपीआई खाते में कितना पैसा है, यह दिखाएं।",balance_check,hi
यूपीआई खाते का बैलेंस दिखाएं।,balance_check,hi
मेरे यूपीआई खाते की वित्तीय स्थिति दिखाएं।,balance_check,hi
मेरे बैंक खाते का बैलेंस क्या है,balance_check,hi
चालू खाते में कितना पैसा है,balance_check,hi
चालू खाते की वर्तमान राशि क्या है,balance_check,hi
बैंक खाते में पैसे कितने बचे हैं,balance_check,hi
खाते की राशि दिखाओ।,balance_check,hi
चालू खाते की शेष राशि बताओ।,balance_check,hi
मेरे खाते में कितनी धनराशि है,balance_check,hi
बचत खाते का शेष धनराशि क्या है,balance_check,hi
मेरे बचत खाते में कितने पैसे बचे हैं,balance_check,hi
खाते का बैलेंस बताओ।,balance_check,hi
मेरे खाते में कितने पैसे बचे हैं,balance_check,hi
कितने पैसे बचे हैं मेरे बैंक खाते में,balance_check,hi
चालू खाते में कितने पैसे बचे हैं,balance_check,hi
कितने पैसे बचे हैं मेरे चालू खाते में,balance_check,hi
मेरे बचत खाते में कितने पैसे बचे हैं,balance_check,hi
कितने पैसे बचे हैं बचत खाते में,balance_check,hi
बैंक खाते में अभी कितने पैसे हैं,balance_check,hi
मेरे चालू खाते में शेष पैसे कितने हैं,balance_check,hi
चालू खाते में पैसा बचा है कितना,balance_check,hi
मेरे बचत खाते में कितना पैसा बचा हुआ है,balance_check,hi
बचत खाते में कितना पैसा शेष है,balance_check,hi
मेरे खाते में कितना पैसा अभी शेष है,balance_check,hi
बैंक खाते में कितना पैसा अभी बचा है,balance_check,hi
मेरे यू पी आई खाते में कितने पैसे बचे हैं,balance_check,hi
कितने पैसे बचे हैं मेरे यू पी आई बैंक खाते में,balance_check,hi
यूपीआई खाते में कितने पैसे बचे हैं,balance_check,hi
कितने पैसे हैं मेरे यूपीआई खाते में,balance_check,hi
यू पी आई खाते में कितने पैसे,balance_check,hi
कितने पैसे हैं बचत खाते में,balance_check,hi
खाते का बैलेन्स बता दो,balance_check,hi
यू पी आई खाते में शेष राशि दिखलाइए।,balance_check,hi
मेरे यूपीआई खाते की राशि बताइए।,balance_check,hi
यू पी आई अकाउंट की शेष धनराशि को देखें।,balance_check,hi
"मेरे यू पी आई खाते में कितना पैसा है, यह दिखाएं।",balance_check,hi
यू पी आई बैंक खाते का बैलेंस दिखाएं।,balance_check,hi
यूपीआई बैंक खाते की वित्तीय स्थिति दिखाएं।,balance_check,hi
मैं चालू खाते में बची धनराशि के बारे में पूछ रहा हूँ।,balance_check,hi
मुझे मेरे अकाउंट में कितने पैसे हैं वो देखना है,balance_check,hi
एयरटेल पेमेंट्स बैंक खाते का बैलेंस चेक करना है,balance_check,hi
बैलेंस चैक करना है अर्बन कोऑपरेटिव धरनगांव अकाउंट का,balance_check,hi
बैलेन्स चेक करना है पैटीएम पेमेन्ट्स बैंक के सेविंग्स अकाउंट का,balance_check,hi
सेंट्रल बैंक चालू खाते का बैलेंस चैक करना है,balance_check,hi
बैलेंस जानना है कर्णाटक बैंक करंट एकाउंट का,balance_check,hi
चित्तौड़गढ़ अर्बन कोऑपरेटिव बैंक लिमिटेड करंट अकाउंट का बैलेंस जानना है,balance_check,hi
भगिनी निवेदिता सहकारी बैंक लिमिटेड का बैलेन्स बता दो,balance_check,hi
मैं अपने अहमदनगर मर्चेंट्स को ऑप बैंक खाते में वर्तमान शेष राशि के बारे में पूछता हूँ।,balance_check,hi
अपने अकोला जनता कॉमर्शियल बैंक खाते में शेष राशि के बारे में पूछता हूँ।,balance_check,hi
मुझे मेरे राजर्षी शाहु सहकारी बैंक लिमिटेड खाते की शेष राशि की जानकारी चाहिए।,balance_check,hi
मेरे साइबाबा नागरी सहाकारी बैंक मर्यादीत बचत खाते में वर्तमान राशि कितनी है,balance_check,hi
मैं अपने वाल्मिकी अर्बन को ऑप बैंक लिमिटेड पथरी बचत खाते की वर्तमान शेष राशि की पूछताछ करना चाहता हूँ।,balance_check,hi
मेरे खाते में तेलंगना स्टेट को ऑप अपेक्स बैंक बैंक के पास कितने पैसे हैं,balance_check,hi
मैं अपने हिमाचल प्रदेश स्टेट कोऑपरेटिव बैंक चालू खाते में बची राशि के बारे में जानना चाहता हूँ,balance_check,hi
खाता सरी सूधा कोऑपरेटिव बैंक लिमिटेड बैंक में  है। कृपया मेरे खाते का अकाउंट बैलेंस बताएँ।,balance_check,hi
मैं अपने द गान्धीनगर नागरिक कोऑपरेटिव बैंक खाते में वर्तमान शेष राशि के बारे में पूछता हूँ।,balance_check,hi
अपने भद्राद्रि अर्बन बैंक खाते में शेष राशि के बारे में पूछता हूँ।,balance_check,hi
मुझे मेरे लोणावला सहाकारी बैंक लिमिटेड खाते की शेष राशि की जानकारी चाहिए।,balance_check,hi
मेरे बैंक ओफ अमरीका बचत खाते में वर्तमान राशि कितनी है,balance_check,hi
मैं अपने द नवनिर्माण कोऑपरेटिव बैंक बचत खाते की वर्तमान शेष राशि की पूछताछ करना चाहता हूँ।,balance_check,hi
मेरे खाते में अखण्ड आनंद कोऑपरेटिव बैंक बैंक के पास कितने पैसे हैं,balance_check,hi
मैं अपने आरबीएल बैंक चालू खाते में बची राशि के बारे में जानना चाहता हूँ,balance_check,hi
खाता आदर्श कोऑपरेटिव बैंक लिमिटेड बैंक में  है। कृपया मेरे खाते का अकाउंट बैलेंस बताएँ।,balance_check,hi
यू पी आई बैलेंस,balance_check,hi
यू पी आई अकाउंट बैलेंस कितना है,balance_check,hi
यू पी आई खाते का  बैलेंस कितना है,balance_check,hi
यूपीआई बैलेंस,balance_check,hi
यूपीआई अकाउंट बैलेंस कितना है,balance_check,hi
यूपीआई खाते का  बैलेंस कितना है,balance_check,hi
बैलेंस चेक करना है,balance_check,hi
बैलेन्स चेक करना है,balance_check,hi
बैलेन्स चैक करना है,balance_check,hi
बैलेंस चैक करना है,balance_check,hi
बैलेंस जानना है,balance_check,hi
बैलेन्स जानना है,balance_check,hi
मेरे खाते में कितना पैसा है,balance_check,hi
खाते में कितने पैसे हैं,balance_check,hi
यू पी आई खाते में कितने पैसे हैं,balance_check,hi
बैलेन्स चेक करना है यू पी आई खाते  का,balance_check,hi
बैलेंस चैक करना है यूपीआई अकाउंट का,balance_check,hi
मेरे खाता शेष राशि चेक करें।,balance_check,hi
खाते की बैलेंस चेक कीजिए।,balance_check,hi
बचत खाते में शेष राशि दिखलाइए।,balance_check,hi
मेरे बचत खाते की राशि बताइए।,balance_check,hi
चालू खाते की शेष धनराशि को देखें।,balance_check,hi
"मेरे चालू खाते में कितना पैसा है, यह दिखाएं।",balance_check,hi
बैंक खाते का बैलेंस दिखाएं।,balance_check,hi
मेरे बैंक खाते की वित्तीय स्थिति दिखाएं।,balance_check,hi
यू पी आई खाते में शेष राशि दिखलाइए।,balance_check,hi
मेरे यू पी आई खाते की राशि बताइए।,balance_check,hi
यू पी आई खाते की शेष धनराशि को देखें।,balance_check,hi
"मेरे यू पी आई खाते में कितना पैसा है, यह दिखाएं।",balance_check,hi
यू पी आई खाते का बैलेंस दिखाएं।,balance_check,hi
मेरे यू पी आई खाते की वित्तीय स्थिति दिखाएं।,balance_check,hi
यूपीआई खाते में शेष राशि दिखलाइए।,balance_check,hi
मेरे यूपीआई खाते की राशि बताइए।,balance_check,hi
यूपीआई खाते की शेष धनराशि को देखें।,balance_check,hi
"मेरे यूपीआई खाते में कितना पैसा है, यह दिखाएं।",balance_check,hi
यूपीआई खाते का बैलेंस दिखाएं।,balance_check,hi
मेरे यूपीआई खाते की वित्तीय स्थिति दिखाएं।,balance_check,hi
मेरे बैंक खाते का बैलेंस क्या है,balance_check,hi
चालू खाते में कितना पैसा है,balance_check,hi
चालू खाते की वर्तमान राशि क्या है,balance_check,hi
बैंक खाते में पैसे कितने बचे हैं,balance_check,hi
खाते की राशि दिखाओ।,balance_check,hi
चालू खाते की शेष राशि बताओ।,balance_check,hi
मेरे खाते में कितनी धनराशि है,balance_check,hi
बचत खाते का शेष धनराशि क्या है,balance_check,hi
मेरे बचत खाते में कितने पैसे बचे हैं,balance_check,hi
खाते का बैलेंस बताओ।,balance_check,hi
मेरे खाते में कितने पैसे बचे हैं,balance_check,hi
कितने पैसे बचे हैं मेरे बैंक खाते में,balance_check,hi
चालू खाते में कितने पैसे बचे हैं,balance_check,hi
कितने पैसे बचे हैं मेरे चालू खाते में,balance_check,hi
मेरे बचत खाते में कितने पैसे बचे हैं,balance_check,hi
कितने पैसे बचे हैं बचत खाते में,balance_check,hi
बैंक खाते में अभी कितने पैसे हैं,balance_check,hi
मेरे चालू खाते में शेष पैसे कितने हैं,balance_check,hi
चालू खाते में पैसा बचा है कितना,balance_check,hi
मेरे बचत खाते में कितना पैसा बचा हुआ है,balance_check,hi
बचत खाते में कितना पैसा शेष है,balance_check,hi
मेरे खाते में कितना पैसा अभी शेष है,balance_check,hi
बैंक खाते में कितना पैसा अभी बचा है,balance_check,hi
मेरे यू पी आई खाते में कितने पैसे बचे हैं,balance_check,hi
कितने पैसे बचे हैं मेरे यू पी आई बैंक खाते में,balance_check,hi
यूपीआई खाते में कितने पैसे बचे हैं,balance_check,hi
कितने पैसे हैं मेरे यूपीआई खाते में,balance_check,hi
यू पी आई खाते में कितने पैसे,balance_check,hi
कितने पैसे हैं बचत खाते में,balance_check,hi
खाते का बैलेन्स बता दो,balance_check,hi
यू पी आई खाते में शेष राशि दिखलाइए।,balance_check,hi
मेरे यूपीआई खाते की राशि बताइए।,balance_check,hi
यू पी आई अकाउंट की शेष धनराशि को देखें।,balance_check,hi
"मेरे यू पी आई खाते में कितना पैसा है, यह दिखाएं।",balance_check,hi
यू पी आई बैंक खाते का बैलेंस दिखाएं।,balance_check,hi
यूपीआई बैंक खाते की वित्तीय स्थिति दिखाएं।,balance_check,hi
मैं चालू खाते में बची धनराशि के बारे में पूछ रहा हूँ।,balance_check,hi
मुझे मेरे अकाउंट में कितने पैसे हैं वो देखना है,balance_check,hi
समरुद्धि कोऑपरेटिव बैंक लिमिटेड खाते का बैलेंस चेक करना है,balance_check,hi
बैलेंस चैक करना है उत्तराखण्ड ग्रामीण बैंक अकाउंट का,balance_check,hi
बैलेन्स चेक करना है जम्मू कश्मीर ग्रामीण बैंक के सेविंग्स अकाउंट का,balance_check,hi
द कनाकमहालक्ष्मी कोऑपरेटिव बैंक लिमिटेड चालू खाते का बैलेंस चैक करना है,balance_check,hi
बैलेंस जानना है एस वी सी बैंक करंट एकाउंट का,balance_check,hi
आंध्रा प्रगथि ग्रामीणा करंट अकाउंट का बैलेंस जानना है,balance_check,hi
अजनता अर्बन कोऑपरेटिव बैंक लिमिटेड का बैलेन्स बता दो,balance_check,hi
मैं अपने आंध्र प्रदेश ग्रामीण बैंक खाते में वर्तमान शेष राशि के बारे में पूछता हूँ।,balance_check,hi
अपने कोस्टल लोकल एरिया बैंक खाते में शेष राशि के बारे में पूछता हूँ।,balance_check,hi
मुझे मेरे अजंता अर्बन खाते की शेष राशि की जानकारी चाहिए।,balance_check,hi
मेरे भगिनी निवेदिता सहकारी बैंक लिमिटेड पुने बचत खाते में वर्तमान राशि कितनी है,balance_check,hi
मैं अपने एसबीआई बचत खाते की वर्तमान शेष राशि की पूछताछ करना चाहता हूँ।,balance_check,hi
मेरे खाते में समता सहकारी बैंक लिमिटेड बैंक के पास कितने पैसे हैं,balance_check,hi
मैं अपने झारखण्ड राज्य ग्रामीण बैंक चालू खाते में बची राशि के बारे में जानना चाहता हूँ,balance_check,hi
खाता इंदौर परस्पर सहकारी बैंक लिमिटेड बैंक में  है। कृपया मेरे खाते का अकाउंट बैलेंस बताएँ।,balance_check,hi
मैं अपने पंजाब एंड सिंध बैंक खाते में वर्तमान शेष राशि के बारे में पूछता हूँ।,balance_check,hi
अपने शिवालिक मर्केन्टाइल को ऑप बैंक खाते में शेष राशि के बारे में पूछता हूँ।,balance_check,hi
मुझे मेरे एपी महेश कोऑपरेटिव अर्बन बैंक लिमिटेड खाते की शेष राशि की जानकारी चाहिए।,balance_check,hi
मेरे जिला सहकारी केन्द्रीय बैंक मर्यादित दुर्ग बचत खाते में वर्तमान राशि कितनी है,balance_check,hi
मैं अपने एअरटेल पेमेंट्स बैंक बचत खाते की वर्तमान शेष राशि की पूछताछ करना चाहता हूँ।,balance_check,hi
मेरे खाते में राजस्थान स्टेट कोऑपरेटिव बैंक बैंक के पास कितने पैसे हैं,balance_check,hi
मैं अपने शरी वराना सहाकारी बैंक लिमिटेड चालू खाते में बची राशि के बारे में जानना चाहता हूँ,balance_check,hi
खाता मणीपुर ग्रामीण बैंक बैंक में  है। कृपया मेरे खाते का अकाउंट बैलेंस बताएँ।,balance_check,hi
यू पी आई बैलेंस,balance_check,hi
यू पी आई अकाउंट बैलेंस कितना है,balance_check,hi
यू पी आई खाते का  बैलेंस कितना है,balance_check,hi
यूपीआई बैलेंस,balance_check,hi
यूपीआई अकाउंट बैलेंस कितना है,balance_check,hi
यूपीआई खाते का  बैलेंस कितना है,balance_check,hi
बैलेंस चेक करना है,balance_check,hi
बैलेन्स चेक करना है,balance_check,hi
बैलेन्स चैक करना है,balance_check,hi
बैलेंस चैक करना है,balance_check,hi
बैलेंस जानना है,balance_check,hi
बैलेन्स जानना है,balance_check,hi
मेरे खाते में कितना पैसा है,balance_check,hi
खाते में कितने पैसे हैं,balance_check,hi
यू पी आई खाते में कितने पैसे हैं,balance_check,hi
बैलेन्स चेक करना है यू पी आई खाते  का,balance_check,hi
बैलेंस चैक करना है यूपीआई अकाउंट का,balance_check,hi
मेरे खाता शेष राशि चेक करें।,balance_check,hi
खाते की बैलेंस चेक कीजिए।,balance_check,hi
बचत खाते में शेष राशि दिखलाइए।,balance_check,hi
मेरे बचत खाते की राशि बताइए।,balance_check,hi
चालू खाते की शेष धनराशि को देखें।,balance_check,hi
"मेरे चालू खाते में कितना पैसा है, यह दिखाएं।",balance_check,hi
बैंक खाते का बैलेंस दिखाएं।,balance_check,hi
मेरे बैंक खाते की वित्तीय स्थिति दिखाएं।,balance_check,hi
यू पी आई खाते में शेष राशि दिखलाइए।,balance_check,hi
मेरे यू पी आई खाते की राशि बताइए।,balance_check,hi
यू पी आई खाते की शेष धनराशि को देखें।,balance_check,hi
"मेरे यू पी आई खाते में कितना पैसा है, यह दिखाएं।",balance_check,hi
यू पी आई खाते का बैलेंस दिखाएं।,balance_check,hi
मेरे यू पी आई खाते की वित्तीय स्थिति दिखाएं।,balance_check,hi
यूपीआई खाते में शेष राशि दिखलाइए।,balance_check,hi
मेरे यूपीआई खाते की राशि बताइए।,balance_check,hi
यूपीआई खाते की शेष धनराशि को देखें।,balance_check,hi
"मेरे यूपीआई खाते में कितना पैसा है, यह दिखाएं।",balance_check,hi
यूपीआई खाते का बैलेंस दिखाएं।,balance_check,hi
मेरे यूपीआई खाते की वित्तीय स्थिति दिखाएं।,balance_check,hi
मेरे बैंक खाते का बैलेंस क्या है,balance_check,hi
चालू खाते में कितना पैसा है,balance_check,hi
चालू खाते की वर्तमान राशि क्या है,balance_check,hi
बैंक खाते में पैसे कितने बचे हैं,balance_check,hi
खाते की राशि दिखाओ।,balance_check,hi
चालू खाते की शेष राशि बताओ।,balance_check,hi
मेरे खाते में कितनी धनराशि है,balance_check,hi
बचत खाते का शेष धनराशि क्या है,balance_check,hi
मेरे बचत खाते में कितने पैसे बचे हैं,balance_check,hi
खाते का बैलेंस बताओ।,balance_check,hi
मेरे खाते में कितने पैसे बचे हैं,balance_check,hi
कितने पैसे बचे हैं मेरे बैंक खाते में,balance_check,hi
चालू खाते में कितने पैसे बचे हैं,balance_check,hi
कितने पैसे बचे हैं मेरे चालू खाते में,balance_check,hi
मेरे बचत खाते में कितने पैसे बचे हैं,balance_check,hi
कितने पैसे बचे हैं बचत खाते में,balance_check,hi
बैंक खाते में अभी कितने पैसे हैं,balance_check,hi
मेरे चालू खाते में शेष पैसे कितने हैं,balance_check,hi
चालू खाते में पैसा बचा है कितना,balance_check,hi
मेरे बचत खाते में कितना पैसा बचा हुआ है,balance_check,hi
बचत खाते में कितना पैसा शेष है,balance_check,hi
मेरे खाते में कितना पैसा अभी शेष है,balance_check,hi
बैंक खाते में कितना पैसा अभी बचा है,balance_check,hi
मेरे यू पी आई खाते में कितने पैसे बचे हैं,balance_check,hi
कितने पैसे बचे हैं मेरे यू पी आई बैंक खाते में,balance_check,hi
यूपीआई खाते में कितने पैसे बचे हैं,balance_check,hi
कितने पैसे हैं मेरे यूपीआई खाते में,balance_check,hi
यू पी आई खाते में कितने पैसे,balance_check,hi
कितने पैसे हैं बचत खाते में,balance_check,hi
खाते का बैलेन्स बता दो,balance_check,hi
यू पी आई खाते में शेष राशि दिखलाइए।,balance_check,hi
मेरे यूपीआई खाते की राशि बताइए।,balance_check,hi
यू पी आई अकाउंट की शेष धनराशि को देखें।,balance_check,hi
"मेरे यू पी आई खाते में कितना पैसा है, यह दिखाएं।",balance_check,hi
यू पी आई बैंक खाते का बैलेंस दिखाएं।,balance_check,hi
यूपीआई बैंक खाते की वित्तीय स्थिति दिखाएं।,balance_check,hi
मैं चालू खाते में बची धनराशि के बारे में पूछ रहा हूँ।,balance_check,hi
मुझे मेरे अकाउंट में कितने पैसे हैं वो देखना है,balance_check,hi
सूधा कोऑपरेटिव अर्बन बैंक लिमिटेड खाते का बैलेंस चेक करना है,balance_check,hi
बैलेंस चैक करना है बड़ौदा सेन्ट्रल को ऑप बैंक अकाउंट का,balance_check,hi
बैलेन्स चेक करना है सेंट्रल बैंक के सेविंग्स अकाउंट का,balance_check,hi
अकोला जनता कोऑपरेटिव चालू खाते का बैलेंस चैक करना है,balance_check,hi
बैलेंस जानना है अहमदाबाद डिस्ट्रीक्ट को ऑप बैंक करंट एकाउंट का,balance_check,hi
आकोला जनता कॉमर्शियल कोऑपरेटिव बैंक करंट अकाउंट का बैलेंस जानना है,balance_check,hi
हिमाचल प्रदेश ग्रामीण बैंक का बैलेन्स बता दो,balance_check,hi
मैं अपने अरूणाचल प्रदेश बैंक खाते में वर्तमान शेष राशि के बारे में पूछता हूँ।,balance_check,hi
अपने पोस्ट ऑफिस बैंक खाते में शेष राशि के बारे में पूछता हूँ।,balance_check,hi
मुझे मेरे बनासकांठा मर्केन्टाइल कोऑपरेटिव बैंक खाते की शेष राशि की जानकारी चाहिए।,balance_check,hi
मेरे स्टेट बैंक ऑफ इन्डिया बचत खाते में वर्तमान राशि कितनी है,balance_check,hi
मैं अपने इंडसइंड बचत खाते की वर्तमान शेष राशि की पूछताछ करना चाहता हूँ।,balance_check,hi
मेरे खाते में यस बैंक बैंक के पास कितने पैसे हैं,balance_check,hi
मैं अपने इंडसइण्ड बैंक चालू खाते में बची राशि के बारे में जानना चाहता हूँ,balance_check,hi
खाता एसोसिएट कोऑपरेटिव बैंक लिमिटेड बैंक में  है। कृपया मेरे खाते का अकाउंट बैलेंस बताएँ।,balance_check,hi
मैं अपने स्टैण्डर्ड चार्टर बैंक खाते में वर्तमान शेष राशि के बारे में पूछता हूँ।,balance_check,hi
अपने कल्याण जनता सहकारी खाते में शेष राशि के बारे में पूछता हूँ।,balance_check,hi
मुझे मेरे आंध्र प्रदेश ग्रामीण बैंक खाते की शेष राशि की जानकारी चाहिए।,balance_check,hi
मेरे एपी महेश कोऑपरेटिव बैंक बचत खाते में वर्तमान राशि कितनी है,balance_check,hi
मैं अपने आइडीएफसी बचत खाते की वर्तमान शेष राशि की पूछताछ करना चाहता हूँ।,balance_check,hi
मेरे खाते में यूबीआई बैंक के पास कितने पैसे हैं,balance_check,hi
मैं अपने स्टेट बैंक ओफ मौरातियस चालू खाते में बची राशि के बारे में जानना चाहता हूँ,balance_check,hi
खाता द मोदासा नागारिक सहाकारी बैंक लिमिटेड बैंक में  है। कृपया मेरे खाते का अकाउंट बैलेंस बताएँ।,balance_check,hi
यू पी आई बैलेंस,balance_check,hi
यू पी आई अकाउंट बैलेंस कितना है,balance_check,hi
यू पी आई खाते का  बैलेंस कितना है,balance_check,hi
यूपीआई बैलेंस,balance_check,hi
यूपीआई अकाउंट बैलेंस कितना है,balance_check,hi
यूपीआई खाते का  बैलेंस कितना है,balance_check,hi
बैलेंस चेक करना है,balance_check,hi
बैलेन्स चेक करना है,balance_check,hi
बैलेन्स चैक करना है,balance_check,hi
बैलेंस चैक करना है,balance_check,hi
बैलेंस जानना है,balance_check,hi
बैलेन्स जानना है,balance_check,hi
मेरे खाते में कितना पैसा है,balance_check,hi
खाते में कितने पैसे हैं,balance_check,hi
यू पी आई खाते में कितने पैसे हैं,balance_check,hi
बैलेन्स चेक करना है यू पी आई खाते  का,balance_check,hi
बैलेंस चैक करना है यूपीआई अकाउंट का,balance_check,hi
मेरे खाता शेष राशि चेक करें।,balance_check,hi
खाते की बैलेंस चेक कीजिए।,balance_check,hi
बचत खाते में शेष राशि दिखलाइए।,balance_check,hi
मेरे बचत खाते की राशि बताइए।,balance_check,hi
चालू खाते की शेष धनराशि को देखें।,balance_check,hi
"मेरे चालू खाते में कितना पैसा है, यह दिखाएं।",balance_check,hi
बैंक खाते का बैलेंस दिखाएं।,balance_check,hi
मेरे बैंक खाते की वित्तीय स्थिति दिखाएं।,balance_check,hi
यू पी आई खाते में शेष राशि दिखलाइए।,balance_check,hi
मेरे यू पी आई खाते की राशि बताइए।,balance_check,hi
यू पी आई खाते की शेष धनराशि को देखें।,balance_check,hi
"मेरे यू पी आई खाते में कितना पैसा है, यह दिखाएं।",balance_check,hi
यू पी आई खाते का बैलेंस दिखाएं।,balance_check,hi
मेरे यू पी आई खाते की वित्तीय स्थिति दिखाएं।,balance_check,hi
यूपीआई खाते में शेष राशि दिखलाइए।,balance_check,hi
मेरे यूपीआई खाते की राशि बताइए।,balance_check,hi
यूपीआई खाते की शेष धनराशि को देखें।,balance_check,hi
"मेरे यूपीआई खाते में कितना पैसा है, यह दिखाएं।",balance_check,hi
यूपीआई खाते का बैलेंस दिखाएं।,balance_check,hi
मेरे यूपीआई खाते की वित्तीय स्थिति दिखाएं।,balance_check,hi
मेरे बैंक खाते का बैलेंस क्या है,balance_check,hi
चालू खाते में कितना पैसा है,balance_check,hi
चालू खाते की वर्तमान राशि क्या है,balance_check,hi
बैंक खाते में पैसे कितने बचे हैं,balance_check,hi
खाते की राशि दिखाओ।,balance_check,hi
चालू खाते की शेष राशि बताओ।,balance_check,hi
मेरे खाते में कितनी धनराशि है,balance_check,hi
बचत खाते का शेष धनराशि क्या है,balance_check,hi
मेरे बचत खाते में कितने पैसे बचे हैं,balance_check,hi
खाते का बैलेंस बताओ।,balance_check,hi
मेरे खाते में कितने पैसे बचे हैं,balance_check,hi
कितने पैसे बचे हैं मेरे बैंक खाते में,balance_check,hi
चालू खाते में कितने पैसे बचे हैं,balance_check,hi
कितने पैसे बचे हैं मेरे चालू खाते में,balance_check,hi
मेरे बचत खाते में कितने पैसे बचे हैं,balance_check,hi
कितने पैसे बचे हैं बचत खाते में,balance_check,hi
बैंक खाते में अभी कितने पैसे हैं,balance_check,hi
मेरे चालू खाते में शेष पैसे कितने हैं,balance_check,hi
चालू खाते में पैसा बचा है कितना,balance_check,hi
मेरे बचत खाते में कितना पैसा बचा हुआ है,balance_check,hi
बचत खाते में कितना पैसा शेष है,balance_check,hi
मेरे खाते में कितना पैसा अभी शेष है,balance_check,hi
बैंक खाते में कितना पैसा अभी बचा है,balance_check,hi
मेरे यू पी आई खाते में कितने पैसे बचे हैं,balance_check,hi
कितने पैसे बचे हैं मेरे यू पी आई बैंक खाते में,balance_check,hi
यूपीआई खाते में कितने पैसे बचे हैं,balance_check,hi
कितने पैसे हैं मेरे यूपीआई खाते में,balance_check,hi
यू पी आई खाते में कितने पैसे,balance_check,hi
कितने पैसे हैं बचत खाते में,balance_check,hi
खाते का बैलेन्स बता दो,balance_check,hi
यू पी आई खाते में शेष राशि दिखलाइए।,balance_check,hi
मेरे यूपीआई खाते की राशि बताइए।,balance_check,hi
यू पी आई अकाउंट की शेष धनराशि को देखें।,balance_check,hi
"मेरे यू पी आई खाते में कितना पैसा है, यह दिखाएं।",balance_check,hi
यू पी आई बैंक खाते का बैलेंस दिखाएं।,balance_check,hi
यूपीआई बैंक खाते की वित्तीय स्थिति दिखाएं।,balance_check,hi
मैं चालू खाते में बची धनराशि के बारे में पूछ रहा हूँ।,balance_check,hi
मुझे मेरे अकाउंट में कितने पैसे हैं वो देखना है,balance_check,hi
अरूणाचल प्रदेश बैंक खाते का बैलेंस चेक करना है,balance_check,hi
बैलेंस चैक करना है करिमनगर डी सी सी बी अकाउंट का,balance_check,hi
बैलेन्स चेक करना है पाटन नागरिक सहकारी बैंक के सेविंग्स अकाउंट का,balance_check,hi
सीटी युनियन बैंक चालू खाते का बैलेंस चैक करना है,balance_check,hi
बैलेंस जानना है बनासकांठा मर्केन्टाइल कोऑपरेटिव बैंक करंट एकाउंट का,balance_check,hi
श्री छत्रपति शिवाजी महाराज सहकारी बैंक करंट अकाउंट का बैलेंस जानना है,balance_check,hi
मेहसाना अर्बन को ऑप बैंक का बैलेन्स बता दो,balance_check,hi
मैं अपने बड़ौदा सेन्ट्रल को ऑप बैंक खाते में वर्तमान शेष राशि के बारे में पूछता हूँ।,balance_check,hi
अपने पंजाब सिंध बैंक खाते में शेष राशि के बारे में पूछता हूँ।,balance_check,hi
मुझे मेरे अभ्युदय कोऑपरेटिव बैंक खाते की शेष राशि की जानकारी चाहिए।,balance_check,hi
मेरे हिमाचल प्रदेश स्टेट कोऑपरेटिव बैंक बचत खाते में वर्तमान राशि कितनी है,balance_check,hi
मैं अपने इक्वीटास स्माल फाइनैंस बैंक बचत खाते की वर्तमान शेष राशि की पूछताछ करना चाहता हूँ।,balance_check,hi
मेरे खाते में द नंदुरा अर्बन को ऑप बैंक लिमिटेड नंदुरा बैंक के पास कितने पैसे हैं,balance_check,hi
मैं अपने अभ्युदय कोऑप बैंक लिमिटेड चालू खाते में बची राशि के बारे में जानना चाहता हूँ,balance_check,hi
खाता माणदेशी महिला सहकारी बैंक लिमिटेड बैंक में  है। कृपया मेरे खाते का अकाउंट बैलेंस बताएँ।,balance_check,hi
मैं अपने कर्णावती को ऑप बैंक खाते में वर्तमान शेष राशि के बारे में पूछता हूँ।,balance_check,hi
अपने आंध्र प्रदेश स्टेट कोऑपरेटिव बैंक खाते में शेष राशि के बारे में पूछता हूँ।,balance_check,hi
मुझे मेरे लिवक्विक टेक्नॉलॉजी प्राईवेट लिमिटेड खाते की शेष राशि की जानकारी चाहिए।,balance_check,hi
मेरे पाली अर्बन कोऑपरेटिव बैंक लिमिटेड बचत खाते में वर्तमान राशि कितनी है,balance_check,hi
मैं अपने भद्राद्रि कोऑपरेटिव अर्बन बैंक बचत खाते की वर्तमान शेष राशि की पूछताछ करना चाहता हूँ।,balance_check,hi
मेरे खाते में टी जे एस बी बैंक बैंक के पास कितने पैसे हैं,balance_check,hi
मैं अपने आदर्श कोऑपरेटिव बैंक चालू खाते में बची राशि के बारे में जानना चाहता हूँ,balance_check,hi
खाता श्री महालक्ष्मि अर्बन को ऑप क्रैडिट बैंक लिमिटेड बैंक में  है। कृपया मेरे खाते का अकाउंट बैलेंस बताएँ।,balance_check,hi
यू पी आई बैलेंस,balance_check,hi
यू पी आई अकाउंट बैलेंस कितना है,balance_check,hi
यू पी आई खाते का  बैलेंस कितना है,balance_check,hi
यूपीआई बैलेंस,balance_check,hi
यूपीआई अकाउंट बैलेंस कितना है,balance_check,hi
यूपीआई खाते का  बैलेंस कितना है,balance_check,hi
बैलेंस चेक करना है,balance_check,hi
बैलेन्स चेक करना है,balance_check,hi
बैलेन्स चैक करना है,balance_check,hi
बैलेंस चैक करना है,balance_check,hi
बैलेंस जानना है,balance_check,hi
बैलेन्स जानना है,balance_check,hi
मेरे खाते में कितना पैसा है,balance_check,hi
खाते में कितने पैसे हैं,balance_check,hi
यू पी आई खाते में कितने पैसे हैं,balance_check,hi
बैलेन्स चेक करना है यू पी आई खाते  का,balance_check,hi
बैलेंस चैक करना है यूपीआई अकाउंट का,balance_check,hi
मेरे खाता शेष राशि चेक करें।,balance_check,hi
खाते की बैलेंस चेक कीजिए।,balance_check,hi
बचत खाते में शेष राशि दिखलाइए।,balance_check,hi
मेरे बचत खाते की राशि बताइए।,balance_check,hi
चालू खाते की शेष धनराशि को देखें।,balance_check,hi
"मेरे चालू खाते में कितना पैसा है, यह दिखाएं।",balance_check,hi
बैंक खाते का बैलेंस दिखाएं।,balance_check,hi
मेरे बैंक खाते की वित्तीय स्थिति दिखाएं।,balance_check,hi
यू पी आई खाते में शेष राशि दिखलाइए।,balance_check,hi
मेरे यू पी आई खाते की राशि बताइए।,balance_check,hi
यू पी आई खाते की शेष धनराशि को देखें।,balance_check,hi
"मेरे यू पी आई खाते में कितना पैसा है, यह दिखाएं।",balance_check,hi
यू पी आई खाते का बैलेंस दिखाएं।,balance_check,hi
मेरे यू पी आई खाते की वित्तीय स्थिति दिखाएं।,balance_check,hi
यूपीआई खाते में शेष राशि दिखलाइए।,balance_check,hi
मेरे यूपीआई खाते की राशि बताइए।,balance_check,hi
यूपीआई खाते की शेष धनराशि को देखें।,balance_check,hi
"मेरे यूपीआई खाते में कितना पैसा है, यह दिखाएं।",balance_check,hi
यूपीआई खाते का बैलेंस दिखाएं।,balance_check,hi
मेरे यूपीआई खाते की वित्तीय स्थिति दिखाएं।,balance_check,hi
मेरे बैंक खाते का बैलेंस क्या है,balance_check,hi
चालू खाते में कितना पैसा है,balance_check,hi
चालू खाते की वर्तमान राशि क्या है,balance_check,hi
बैंक खाते में पैसे कितने बचे हैं,balance_check,hi
खाते की राशि दिखाओ।,balance_check,hi
चालू खाते की शेष राशि बताओ।,balance_check,hi
मेरे खाते में कितनी धनराशि है,balance_check,hi
बचत खाते का शेष धनराशि क्या है,balance_check,hi
मेरे बचत खाते में कितने पैसे बचे हैं,balance_check,hi
खाते का बैलेंस बताओ।,balance_check,hi
मेरे खाते में कितने पैसे बचे हैं,balance_check,hi
कितने पैसे बचे हैं मेरे बैंक खाते में,balance_check,hi
चालू खाते में कितने पैसे बचे हैं,balance_check,hi
कितने पैसे बचे हैं मेरे चालू खाते में,balance_check,hi
मेरे बचत खाते में कितने पैसे बचे हैं,balance_check,hi
कितने पैसे बचे हैं बचत खाते में,balance_check,hi
बैंक खाते में अभी कितने पैसे हैं,balance_check,hi
मेरे चालू खाते में शेष पैसे कितने हैं,balance_check,hi
चालू खाते में पैसा बचा है कितना,balance_check,hi
मेरे बचत खाते में कितना पैसा बचा हुआ है,balance_check,hi
बचत खाते में कितना पैसा शेष है,balance_check,hi
मेरे खाते में कितना पैसा अभी शेष है,balance_check,hi
बैंक खाते में कितना पैसा अभी बचा है,balance_check,hi
मेरे यू पी आई खाते में कितने पैसे बचे हैं,balance_check,hi
कितने पैसे बचे हैं मेरे यू पी आई बैंक खाते में,balance_check,hi
यूपीआई खाते में कितने पैसे बचे हैं,balance_check,hi
कितने पैसे हैं मेरे यूपीआई खाते में,balance_check,hi
यू पी आई खाते में कितने पैसे,balance_check,hi
कितने पैसे हैं बचत खाते में,balance_check,hi
खाते का बैलेन्स बता दो,balance_check,hi
यू पी आई खाते में शेष राशि दिखलाइए।,balance_check,hi
मेरे यूपीआई खाते की राशि बताइए।,balance_check,hi
यू पी आई अकाउंट की शेष धनराशि को देखें।,balance_check,hi
"मेरे यू पी आई खाते में कितना पैसा है, यह दिखाएं।",balance_check,hi
यू पी आई बैंक खाते का बैलेंस दिखाएं।,balance_check,hi
यूपीआई बैंक खाते की वित्तीय स्थिति दिखाएं।,balance_check,hi
मैं चालू खाते में बची धनराशि के बारे में पूछ रहा हूँ।,balance_check,hi
मुझे मेरे अकाउंट में कितने पैसे हैं वो देखना है,balance_check,hi
ग्रेटर बोम्बे कोऑपरेटिव बैंक खाते का बैलेंस चेक करना है,balance_check,hi
बैलेंस चैक करना है नूतन नागरिक सहकारी बैंक अकाउंट का,balance_check,hi
बैलेन्स चेक करना है द वलसाद डिस्ट्रीक्ट सेन्ट्रल कोऑपरेटिव बैंक लिमिटेड के सेविंग्स अकाउंट का,balance_check,hi
सिटिजन कोऑपरेटिव बैंक लिमिटेड नोयडा चालू खाते का बैलेंस चैक करना है,balance_check,hi
बैलेंस जानना है आंध्र प्रदेश कोऑपरेटिव करंट एकाउंट का,balance_check,hi
पाली अर्बन कोऑपरेटिव बैंक लिमिटेड करंट अकाउंट का बैलेंस जानना है,balance_check,hi
एन एस डी एल पेमेन्ट्स बैंक का बैलेन्स बता दो,balance_check,hi
मैं अपने गुजरत स्टेट कोऑपरेटिव बैंक खाते में वर्तमान शेष राशि के बारे में पूछता हूँ।,balance_check,hi
अपने दक्षिण बिहार ग्रामीण बैंक खाते में शेष राशि के बारे में पूछता हूँ।,balance_check,hi
मुझे मेरे जोधपुर नागरिक सहकारी बैंक लिमिटेड खाते की शेष राशि की जानकारी चाहिए।,balance_check,hi
मेरे श्री बसवेश्वर अर्बन को ऑप बैंक लिमिटेड रानेबेन्नूर बचत खाते में वर्तमान राशि कितनी है,balance_check,hi
मैं अपने कोल्हापूर डिस्ट्रीक्ट सेन्ट्रल कोऑपरेटिव बैंक लिमिटेड बचत खाते की वर्तमान शेष राशि की पूछताछ करना चाहता हूँ।,balance_check,hi
मेरे खाते में बैंक औफ बड़ोदा बैंक के पास कितने पैसे हैं,balance_check,hi
मैं अपने संदुर पटाना सौहार्द सहकारी बैंक चालू खाते में बची राशि के बारे में जानना चाहता हूँ,balance_check,hi
खाता कोल्हापूर महिला सहकारी बैंक लिमिटेड बैंक में  है। कृपया मेरे खाते का अकाउंट बैलेंस बताएँ।,balance_check,hi
मैं अपने विजय कोऑपरेटिव बैंक लिमिटेड अहमदाबाद खाते में वर्तमान शेष राशि के बारे में पूछता हूँ।,balance_check,hi
अपने स्टेट बैंक खाते में शेष राशि के बारे में पूछता हूँ।,balance_check,hi
मुझे मेरे द उदाईपुर माहिला अर्बन कोऑपरेटिव बैंक लिमिटेड खाते की शेष राशि की जानकारी चाहिए।,balance_check,hi
मेरे द भागयोदय कोऑपरेटिव बैंक लिमिटेड बचत खाते में वर्तमान राशि कितनी है,balance_check,hi
मैं अपने महेश सहकारी बैंक बचत खाते की वर्तमान शेष राशि की पूछताछ करना चाहता हूँ।,balance_check,hi
मेरे खाते में जीला सहाकारी केन्द्रीय बैंक मर्यादीत राईपुर बैंक के पास कितने पैसे हैं,balance_check,hi
मैं अपने उंझा नागरिक सहकारी बैंक लिमिटेड चालू खाते में बची राशि के बारे में जानना चाहता हूँ,balance_check,hi
खाता अरविन्द सहकारी बैंक लिमिटेड बैंक में  है। कृपया मेरे खाते का अकाउंट बैलेंस बताएँ।,balance_check,hi
यू पी आई बैलेंस,balance_check,hi
यू पी आई अकाउंट बैलेंस कितना है,balance_check,hi
यू पी आई खाते का  बैलेंस कितना है,balance_check,hi
यूपीआई बैलेंस,balance_check,hi
यूपीआई अकाउंट बैलेंस कितना है,balance_check,hi
यूपीआई खाते का  बैलेंस कितना है,balance_check,hi
बैलेंस चेक करना है,balance_check,hi
बैलेन्स चेक करना है,balance_check,hi
बैलेन्स चैक करना है,balance_check,hi
बैलेंस चैक करना है,balance_check,hi
बैलेंस जानना है,balance_check,hi
बैलेन्स जानना है,balance_check,hi
मेरे खाते में कितना पैसा है,balance_check,hi
खाते में कितने पैसे हैं,balance_check,hi
यू पी आई खाते में कितने पैसे हैं,balance_check,hi
बैलेन्स चेक करना है यू पी आई खाते  का,balance_check,hi
बैलेंस चैक करना है यूपीआई अकाउंट का,balance_check,hi
मेरे खाता शेष राशि चेक करें।,balance_check,hi
खाते की बैलेंस चेक कीजिए।,balance_check,hi
बचत खाते में शेष राशि दिखलाइए।,balance_check,hi
मेरे बचत खाते की राशि बताइए।,balance_check,hi
चालू खाते की शेष धनराशि को देखें।,balance_check,hi
"मेरे चालू खाते में कितना पैसा है, यह दिखाएं।",balance_check,hi
बैंक खाते का बैलेंस दिखाएं।,balance_check,hi
मेरे बैंक खाते की वित्तीय स्थिति दिखाएं।,balance_check,hi
यू पी आई खाते में शेष राशि दिखलाइए।,balance_check,hi
मेरे यू पी आई खाते की राशि बताइए।,balance_check,hi
यू पी आई खाते की शेष धनराशि को देखें।,balance_check,hi
"मेरे यू पी आई खाते में कितना पैसा है, यह दिखाएं।",balance_check,hi
यू पी आई खाते का बैलेंस दिखाएं।,balance_check,hi
मेरे यू पी आई खाते की वित्तीय स्थिति दिखाएं।,balance_check,hi
यूपीआई खाते में शेष राशि दिखलाइए।,balance_check,hi
मेरे यूपीआई खाते की राशि बताइए।,balance_check,hi
यूपीआई खाते की शेष धनराशि को देखें।,balance_check,hi
"मेरे यूपीआई खाते में कितना पैसा है, यह दिखाएं।",balance_check,hi
यूपीआई खाते का बैलेंस दिखाएं।,balance_check,hi
मेरे यूपीआई खाते की वित्तीय स्थिति दिखाएं।,balance_check,hi
मेरे बैंक खाते का बैलेंस क्या है,balance_check,hi
चालू खाते में कितना पैसा है,balance_check,hi
चालू खाते की वर्तमान राशि क्या है,balance_check,hi
बैंक खाते में पैसे कितने बचे हैं,balance_check,hi
खाते की राशि दिखाओ।,balance_check,hi
चालू खाते की शेष राशि बताओ।,balance_check,hi
मेरे खाते में कितनी धनराशि है,balance_check,hi
बचत खाते का शेष धनराशि क्या है,balance_check,hi
मेरे बचत खाते में कितने पैसे बचे हैं,balance_check,hi
खाते का बैलेंस बताओ।,balance_check,hi
मेरे खाते में कितने पैसे बचे हैं,balance_check,hi
कितने पैसे बचे हैं मेरे बैंक खाते में,balance_check,hi
चालू खाते में कितने पैसे बचे हैं,balance_check,hi
कितने पैसे बचे हैं मेरे चालू खाते में,balance_check,hi
मेरे बचत खाते में कितने पैसे बचे हैं,balance_check,hi
कितने पैसे बचे हैं बचत खाते में,balance_check,hi
बैंक खाते में अभी कितने पैसे हैं,balance_check,hi
मेरे चालू खाते में शेष पैसे कितने हैं,balance_check,hi
चालू खाते में पैसा बचा है कितना,balance_check,hi
मेरे बचत खाते में कितना पैसा बचा हुआ है,balance_check,hi
बचत खाते में कितना पैसा शेष है,balance_check,hi
मेरे खाते में कितना पैसा अभी शेष है,balance_check,hi
बैंक खाते में कितना पैसा अभी बचा है,balance_check,hi
मेरे यू पी आई खाते में कितने पैसे बचे हैं,balance_check,hi
कितने पैसे बचे हैं मेरे यू पी आई बैंक खाते में,balance_check,hi
यूपीआई खाते में कितने पैसे बचे हैं,balance_check,hi
कितने पैसे हैं मेरे यूपीआई खाते में,balance_check,hi
यू पी आई खाते में कितने पैसे,balance_check,hi
कितने पैसे हैं बचत खाते में,balance_check,hi
खाते का बैलेन्स बता दो,balance_check,hi
यू पी आई खाते में शेष राशि दिखलाइए।,balance_check,hi
मेरे यूपीआई खाते की राशि बताइए।,balance_check,hi
यू पी आई अकाउंट की शेष धनराशि को देखें।,balance_check,hi
"मेरे यू पी आई खाते में कितना पैसा है, यह दिखाएं।",balance_check,hi
यू पी आई बैंक खाते का बैलेंस दिखाएं।,balance_check,hi
यूपीआई बैंक खाते की वित्तीय स्थिति दिखाएं।,balance_check,hi
मैं चालू खाते में बची धनराशि के बारे में पूछ रहा हूँ।,balance_check,hi
मुझे मेरे अकाउंट में कितने पैसे हैं वो देखना है,balance_check,hi
पुने कैन्टोनमेंट सहाकारी बैंक लिमिटेड खाते का बैलेंस चेक करना है,balance_check,hi
बैलेंस चैक करना है अमरेली जिला सहकारी बैंक अकाउंट का,balance_check,hi
बैलेन्स चेक करना है जना फाइनैंस के सेविंग्स अकाउंट का,balance_check,hi
नैनीताल बैंक चालू खाते का बैलेंस चैक करना है,balance_check,hi
बैलेंस जानना है शिवालिक मर्केन्टाइल को ऑप बैंक करंट एकाउंट का,balance_check,hi
शिवलिक मर्केन्टाइल को ऑप बैंक लिमिटेड करंट अकाउंट का बैलेंस जानना है,balance_check,hi
एपीबी का बैलेन्स बता दो,balance_check,hi
मैं अपने भावनगर डिस्ट्रिक्ट को ऑप बैंक खाते में वर्तमान शेष राशि के बारे में पूछता हूँ।,balance_check,hi
अपने अमेजॉन पे लिमिटेड खाते में शेष राशि के बारे में पूछता हूँ।,balance_check,hi
मुझे मेरे उदयपुर अर्बन कोऑपरेटिव बैंक खाते की शेष राशि की जानकारी चाहिए।,balance_check,hi
मेरे आंध्रा प्रगथि ग्रामीणा बैंक बचत खाते में वर्तमान राशि कितनी है,balance_check,hi
मैं अपने हस्ति को ऑप बैंक बचत खाते की वर्तमान शेष राशि की पूछताछ करना चाहता हूँ।,balance_check,hi
मेरे खाते में मध्या प्रादेश राज्या सहाकारी बैंक मर्यादीत बैंक के पास कितने पैसे हैं,balance_check,hi
मैं अपने चैतन्या गोदवरी ग्रामिन बैंक चालू खाते में बची राशि के बारे में जानना चाहता हूँ,balance_check,hi
खाता अजन्ता अर्बन कोऑपरेटिव बैंक बैंक में  है। कृपया मेरे खाते का अकाउंट बैलेंस बताएँ।,balance_check,hi
मैं अपने पशिम बांगा ग्रामिन बैंक खाते में वर्तमान शेष राशि के बारे में पूछता हूँ।,balance_check,hi
अपने सारस्वत बैंक खाते में शेष राशि के बारे में पूछता हूँ।,balance_check,hi
मुझे मेरे मध्या बिहर ग्रामिन बैंक खाते की शेष राशि की जानकारी चाहिए।,balance_check,hi
मेरे श्री जनता सहकारी बैंक हलोल बचत खाते में वर्तमान राशि कितनी है,balance_check,hi
मैं अपने सिटी रिटेल बचत खाते की वर्तमान शेष राशि की पूछताछ करना चाहता हूँ।,balance_check,hi
मेरे खाते में अंबाजो गाई पीपल्स कोऑपरेटिव बैंक लिमिटेड बैंक के पास कितने पैसे हैं,balance_check,hi
मैं अपने भद्राद्रि कोऑपरेटिव अर्बन बैंक चालू खाते में बची राशि के बारे में जानना चाहता हूँ,balance_check,hi
खाता जिला सहकारी केन्द्रीय बैंक मर्यादित रायपुर बैंक में  है। कृपया मेरे खाते का अकाउंट बैलेंस बताएँ।,balance_check,hi
=======
पोस्ट पेमेंट बैंक खाते का बैलेंस चेक करना है,balance_check,hi
बैलेंस चैक करना है पशिम बांगा ग्रामिन बैंक अकाउंट का,balance_check,hi
बैलेन्स चेक करना है ठाने जानता के सेविंग्स अकाउंट का,balance_check,hi
कल्याण जनता सहकारी चालू खाते का बैलेंस चैक करना है,balance_check,hi
बैलेंस जानना है समरुद्धि कोऑपरेटिव बैंक लिमिटेड करंट एकाउंट का,balance_check,hi
बल्लभ विद्यानगर कॉमर्शियल कोऑपरेटिव बैंक करंट अकाउंट का बैलेंस जानना है,balance_check,hi
अजनता अर्बन कोऑपरेटिव बैंक लिमिटेड का बैलेन्स बता दो,balance_check,hi
मैं अपने बंधन बैंक खाते में वर्तमान शेष राशि के बारे में पूछता हूँ।,balance_check,hi
अपने सी आई टी आई रीटेल खाते में शेष राशि के बारे में पूछता हूँ।,balance_check,hi
मुझे मेरे लक्ष्मी नरसिम्हा स्वामि को ऑप बैंक खाते की शेष राशि की जानकारी चाहिए।,balance_check,hi
मेरे बैंक ऑफ महाराष्ट्र बचत खाते में वर्तमान राशि कितनी है?,balance_check,hi
मैं अपने बालोत्रा अर्बन कोऑपरेटिव बैंक लिमिटेड बचत खाते की वर्तमान शेष राशि की पूछताछ करना चाहता हूँ।,balance_check,hi
मेरे खाते में द बरोड़ा सीटी कोऑपरेटिव बैंक लिमिटेड बैंक के पास कितने पैसे हैं?,balance_check,hi
मैं अपने चित्तौड़गढ़ अर्बन कोऑपरेटिव बैंक लिमिटेड चालू खाते में बची राशि के बारे में जानना चाहता हूँ,balance_check,hi
खाता अमेजॉन पीपीआई बैंक में  है। कृपया मेरे खाते का अकाउंट बैलेंस बताएँ।,balance_check,hi
मैं अपने उज्जीवन बैंक खाते में वर्तमान शेष राशि के बारे में पूछता हूँ।,balance_check,hi
अपने टैक्सटाइल ट्रेडर्स कोऑपरेटिव बैंक खाते में शेष राशि के बारे में पूछता हूँ।,balance_check,hi
मुझे मेरे विजय कोऑपरेटिव बैंक लिमिटेड अहमदाबाद खाते की शेष राशि की जानकारी चाहिए।,balance_check,hi
मेरे जानता सहाकारी बैंक पुने बचत खाते में वर्तमान राशि कितनी है?,balance_check,hi
मैं अपने कोडुंगल्लुर टाउन कोऑपरेटिव बैंक बचत खाते की वर्तमान शेष राशि की पूछताछ करना चाहता हूँ।,balance_check,hi
मेरे खाते में जानसेवा सहाकारी बैंक लिमिटेड पुने बैंक के पास कितने पैसे हैं?,balance_check,hi
मैं अपने आंध्र प्रगति ग्रामीण बैंक चालू खाते में बची राशि के बारे में जानना चाहता हूँ,balance_check,hi
खाता आंध्र प्रदेश महेश बैंक बैंक में  है। कृपया मेरे खाते का अकाउंट बैलेंस बताएँ।,balance_check,hi
>>>>>>> 0ee03bbdf34ca250ca1a4079d508e2181150d6d7
